Fisier,Caracteristica,Cod,Axa,NOMINAL,+TOL,-TOL,MEAS,DEV,OUTTOL
SER_235338AAA517260.PDF,PAGINA 1,DIST1,M,4.000,0.100,0.100,4.031,0.031,0.000
SER_235338AAA517260.PDF,PAGINA 1,DIST2,M,1.000,0.100,0.100,1.017,0.017,0.000
SER_235338AAA517260.PDF,PAGINA 1,FCFPROF1,Z,1,2.391,0.864,0.033,0.000,0.000
SER_235338AAA517260.PDF,PAGINA 1,FCFPROF2,Z,1,0.150,0.037,0.079,0.000,0.000
SER_235338AAA517260.PDF,PAGINA 1,LOCZ,R,283.850,0.050,0.050,283.820,-0.030,0.000
SER_235338AAA517260.PDF,PAGINA 1,DIST3,M,1.000,0.100,0.100,1.023,0.023,0.000
SER_235338AAA517260.PDF,PAGINA 2,DIST4,M,4.000,0.100,0.100,4.037,0.037,0.000
SER_235338AAA517260.PDF,PAGINA 2,FCFPROF3,Z,1,0.041,0.005,0.019,0.000,0.000
SER_235338AAA517260.PDF,PAGINA 2,FCFPROF4,Z,1,0.008,0.009,0.089,0.000,0.000
SER_235338AAA517260.PDF,PAGINA 2,DISTS,M,7.200,0.100,0.100,7.222,0.022,0.000
SER_235338AAA517260.PDF,PAGINA 3,DIST16,M,7.200,0.100,0.100,7.237,0.037,0.000
SER_235338AAA517260.PDF,PAGINA 3,FCFPROFZ,Z,1,0.000,-0.157,0.676,0.000,0.000
SER_235338AAA517260.PDF,PAGINA 3,FCFPROF8,Z,1,0.000,-0.039,0.158,0.000,0.000
SER_235338AAA517260.PDF,PAGINA 3,DIST8,M,1.000,0.100,0.100,1.003,0.003,0.000
SER_235338AAA517260.PDF,PAGINA 3,LOC19,R,3.000,0.150,0.150,2.951,-0.049,0.000
SER_235338AAA517260.PDF,PAGINA 3,LOC2O,R,3.000,0.150,0.150,2.998,-0.002,0.000
SER_235338AAA517260.PDF,PAGINA 4,LOC21,R,3.000,0.150,0.150,2.977,-0.023,0.000
SER_235338AAA517260.PDF,PAGINA 4,LOC22,R,3.000,0.150,0.150,2.992,-0.008,0.000
SER_235338AAA517260.PDF,PAGINA 4,LOC23,R,3.000,0.150,0.150,2.944,-0.056,0.000
SER_235338AAA517260.PDF,PAGINA 4,LOC24,R,3.000,0.150,0.150,2.981,-0.019,0.000
SER_235338AAA517260.PDF,PAGINA 4,DIST9,M,3.050,0.100,0.100,3.085,0.035,0.000
SER_235338AAA517260.PDF,PAGINA 4,DIST1O,M,6.850,0.100,0.100,6.872,0.022,0.000
SER_235338AAA517260.PDF,PAGINA 4,DIST11,M,3.050,0.100,0.100,3.117,0.067,0.000
SER_235338AAA517260.PDF,PAGINA 4,DIST17,M,6.850,0.100,0.100,6.916,0.066,0.000
SER_235338AAA517260.PDF,PAGINA 4,DIST18,M,1.610,0.100,0.100,1.622,0.013,0.000
SER_235338AAA517260.PDF,PAGINA 4,DIST19,M,1.100,0.100,0.100,1.110,0.010,0.000
SER_235338AAA517260.PDF,PAGINA 4,DIST47,M,1.600,0.100,0.100,1.622,0.022,0.000
SER_235338AAA517260.PDF,PAGINA 4,DIST2O,M,2.050,0.150,0.150,2.087,0.037,0.000
SER_235338AAA517260.PDF,PAGINA 5,DIST21,M,1.600,0.100,0.100,1.652,0.052,0.000
SER_235338AAA517260.PDF,PAGINA 5,DIST21,M,1.610,0.100,0.100,1.652,0.042,0.000
SER_235338AAA517260.PDF,PAGINA 5,DIST38,M,1.100,0.100,0.100,1.106,0.006,0.000
SER_235338AAA517260.PDF,PAGINA 5,DIST22,M,2.000,0.100,0.100,2.014,0.014,0.000
SER_235338AAA517260.PDF,PAGINA 5,DIST23,M,2.000,0.100,0.100,1.934,-0.066,0.000
SER_235338AAA517260.PDF,PAGINA 5,DIST24,M,1.610,0.100,0.100,1.615,0.005,0.000
SER_235338AAA517260.PDF,PAGINA 5,DIST25,M,1.100,0.100,0.100,1.130,0.030,0.000
SER_235338AAA517260.PDF,PAGINA 5,DIST41,M,1.100,0.100,0.100,1.125,0.024,0.000
SER_235338AAA517260.PDF,PAGINA 5,DIST44,M,1.600,0.100,0.100,1.610,0.010,0.000
SER_235338AAA517260.PDF,PAGINA 6,DIST44,M,1.610,0.100,0.100,1.610,0.000,0.000
SER_235338AAA517260.PDF,PAGINA 6,DIST26,M,2.050,0.150,0.150,2.039,-0.011,0.000
SER_235338AAA517260.PDF,PAGINA 6,DIST12,M,1.100,0.100,0.100,1.129,0.029,0.000
SER_235338AAA517260.PDF,PAGINA 6,DIST15,M,6.800,0.100,0.100,6.828,0.028,0.000
SER_235338AAA517260.PDF,PAGINA 6,DIST31,M,6.800,0.100,0.100,6.871,-0.071,0.000
SER_235338AAA517260.PDF,PAGINA 6,DIST34,M,1.000,0.100,0.100,0.997,-0.003,0.000
SER_235338AAA517260.PDF,PAGINA 6,DIST35,M,1.000,0.100,0.100,0.992,-0.008,0.000
SER_235338AAA517261.PDF,PAGINA 1,DIST1,M,4.000,0.100,0.100,4.033,0.033,0.000
SER_235338AAA517261.PDF,PAGINA 1,DIST2,M,1.000,0.100,0.100,1.018,0.018,0.000
SER_235338AAA517261.PDF,PAGINA 1,FCFPROF1,Z,1,0.013,0.028,0.121,0.000,0.000
SER_235338AAA517261.PDF,PAGINA 1,FCFPROF2,Z,1,0.019,-0.016,0.127,0.000,0.000
SER_235338AAA517261.PDF,PAGINA 1,LOCZ,R,283.850,0.050,0.050,283.842,-0.008,0.000
SER_235338AAA517261.PDF,PAGINA 1,DIST3,M,1.000,0.100,0.100,1.005,0.005,0.000
SER_235338AAA517261.PDF,PAGINA 2,DIST4,M,4.000,0.100,0.100,4.037,0.037,0.000
SER_235338AAA517261.PDF,PAGINA 2,FCFPROF3,Z,1,-0.270,-0.048,0.027,0.000,0.000
SER_235338AAA517261.PDF,PAGINA 2,FCFPROF4,Z,1,0.057,0.016,0.072,0.000,0.000
SER_235338AAA517261.PDF,PAGINA 2,DISTS,M,7.200,0.100,0.100,7.239,0.039,0.000
SER_235338AAA517261.PDF,PAGINA 3,DIST16,M,7.200,0.100,0.100,7.252,0.052,0.000
SER_235338AAA517261.PDF,PAGINA 3,FCFPROFZ,Z,1,0.000,-0.132,0.512,0.000,0.000
SER_235338AAA517261.PDF,PAGINA 3,FCFPROF8,Z,1,3.477,-0.283,0.169,0.000,0.000
SER_235338AAA517261.PDF,PAGINA 3,DIST8,M,1.000,0.100,0.100,0.998,-0.002,0.000
SER_235338AAA517261.PDF,PAGINA 3,LOC19,R,3.000,0.150,0.150,2.951,-0.049,0.000
SER_235338AAA517261.PDF,PAGINA 3,LOC2O,R,3.000,0.150,0.150,2.988,-0.012,0.000
SER_235338AAA517261.PDF,PAGINA 4,LOC21,R,3.000,0.150,0.150,2.959,-0.041,0.000
SER_235338AAA517261.PDF,PAGINA 4,LOC22,R,3.000,0.150,0.150,2.975,-0.025,0.000
SER_235338AAA517261.PDF,PAGINA 4,LOC23,R,3.000,0.150,0.150,2.941,-0.059,0.000
SER_235338AAA517261.PDF,PAGINA 4,LOC24,R,3.000,0.150,0.150,3.002,0.002,0.000
SER_235338AAA517261.PDF,PAGINA 4,DIST9,M,3.050,0.100,0.100,3.084,0.034,0.000
SER_235338AAA517261.PDF,PAGINA 4,DIST1O,M,6.850,0.100,0.100,6.873,0.023,0.000
SER_235338AAA517261.PDF,PAGINA 4,DIST11,M,3.050,0.100,0.100,3.099,0.049,0.000
SER_235338AAA517261.PDF,PAGINA 4,DIST17,M,6.850,0.100,0.100,6.882,0.032,0.000
SER_235338AAA517261.PDF,PAGINA 4,DIST18,M,1.610,0.100,0.100,1.611,0.001,0.000
SER_235338AAA517261.PDF,PAGINA 4,DIST19,M,1.100,0.100,0.100,1.104,0.005,0.000
SER_235338AAA517261.PDF,PAGINA 4,DIST47,M,1.600,0.100,0.100,1.611,0.011,0.000
SER_235338AAA517261.PDF,PAGINA 4,DIST2O,M,2.050,0.150,0.150,2.062,0.012,0.000
SER_235338AAA517261.PDF,PAGINA 5,DIST21,M,1.600,0.100,0.100,1.646,0.046,0.000
SER_235338AAA517261.PDF,PAGINA 5,DIST21,M,1.610,0.100,0.100,1.646,0.036,0.000
SER_235338AAA517261.PDF,PAGINA 5,DIST38,M,1.100,0.100,0.100,1.106,0.006,0.000
SER_235338AAA517261.PDF,PAGINA 5,DIST22,M,2.000,0.100,0.100,1.996,-0.004,0.000
SER_235338AAA517261.PDF,PAGINA 5,DIST23,M,2.000,0.100,0.100,1.984,-0.017,0.000
SER_235338AAA517261.PDF,PAGINA 5,DIST24,M,1.610,0.100,0.100,1.615,0.004,0.000
SER_235338AAA517261.PDF,PAGINA 5,DIST25,M,1.100,0.100,0.100,1.124,0.023,0.000
SER_235338AAA517261.PDF,PAGINA 5,DIST41,M,1.100,0.100,0.100,1.117,0.016,0.000
SER_235338AAA517261.PDF,PAGINA 5,DIST44,M,1.600,0.100,0.100,1.607,0.007,0.000
SER_235338AAA517261.PDF,PAGINA 6,DIST44,M,1.610,0.100,0.100,1.607,-0.003,0.000
SER_235338AAA517261.PDF,PAGINA 6,DIST26,M,2.050,0.150,0.150,2.053,0.003,0.000
SER_235338AAA517261.PDF,PAGINA 6,DIST12,M,1.100,0.100,0.100,1.115,0.015,0.000
SER_235338AAA517261.PDF,PAGINA 6,DIST15,M,6.800,0.100,0.100,6.824,0.024,0.000
SER_235338AAA517261.PDF,PAGINA 6,DIST31,M,6.800,0.100,0.100,6.819,-0.019,0.000
SER_235338AAA517261.PDF,PAGINA 6,DIST34,M,1.000,0.100,0.100,0.991,-0.009,0.000
SER_235338AAA517261.PDF,PAGINA 6,DIST35,M,1.000,0.100,0.100,0.987,-0.013,0.000
SER_235338AAA517262.1.PDF,PAGINA 1,DIST1,M,4.000,0.100,0.100,4.035,0.035,0.000
SER_235338AAA517262.1.PDF,PAGINA 1,DIST2,M,1.000,0.100,0.100,1.003,0.003,0.000
SER_235338AAA517262.1.PDF,PAGINA 1,FCFPROF1,Z,1,0.052,0.049,0.169,0.000,0.000
SER_235338AAA517262.1.PDF,PAGINA 1,FCFPROF2,Z,1,0.058,-0.012,0.102,0.000,0.000
SER_235338AAA517262.1.PDF,PAGINA 1,LOCZ,R,283.850,0.050,0.050,283.840,-0.010,0.000
SER_235338AAA517262.1.PDF,PAGINA 1,DIST3,M,1.000,0.100,0.100,1.012,0.012,0.000
SER_235338AAA517262.1.PDF,PAGINA 2,DIST4,M,4.000,0.100,0.100,4.039,0.039,0.000
SER_235338AAA517262.1.PDF,PAGINA 2,FCFPROF3,Z,1,-0.167,-0.030,0.023,0.000,0.000
SER_235338AAA517262.1.PDF,PAGINA 2,FCFPROF4,Z,1,0.063,0.019,0.083,0.000,0.000
SER_235338AAA517262.1.PDF,PAGINA 2,DISTS,M,7.200,0.100,0.100,7.245,0.045,0.000
SER_235338AAA517262.1.PDF,PAGINA 3,DIST16,M,7.200,0.100,0.100,7.256,0.057,0.000
SER_235338AAA517262.1.PDF,PAGINA 3,FCFPROFZ,Z,1,0.000,-0.132,0.592,0.000,0.000
SER_235338AAA517262.1.PDF,PAGINA 3,FCFPROF8,Z,1,0.013,0.007,0.088,0.000,0.000
SER_235338AAA517262.1.PDF,PAGINA 3,DIST8,M,1.000,0.100,0.100,1.006,0.006,0.000
SER_235338AAA517262.1.PDF,PAGINA 3,LOC19,R,3.000,0.150,0.150,2.947,-0.053,0.000
SER_235338AAA517262.1.PDF,PAGINA 3,LOC2O,R,3.000,0.150,0.150,2.995,-0.005,0.000
SER_235338AAA517262.1.PDF,PAGINA 4,LOC21,R,3.000,0.150,0.150,2.960,-0.040,0.000
SER_235338AAA517262.1.PDF,PAGINA 4,LOC22,R,3.000,0.150,0.150,2.982,-0.018,0.000
SER_235338AAA517262.1.PDF,PAGINA 4,LOC23,R,3.000,0.150,0.150,2.932,-0.068,0.000
SER_235338AAA517262.1.PDF,PAGINA 4,LOC24,R,3.000,0.150,0.150,2.991,-0.009,0.000
SER_235338AAA517262.1.PDF,PAGINA 4,DIST9,M,3.050,0.100,0.100,3.091,0.041,0.000
SER_235338AAA517262.1.PDF,PAGINA 4,DIST1O,M,6.850,0.100,0.100,6.867,0.017,0.000
SER_235338AAA517262.1.PDF,PAGINA 4,DIST11,M,3.050,0.100,0.100,3.101,0.051,0.000
SER_235338AAA517262.1.PDF,PAGINA 4,DIST17,M,6.850,0.100,0.100,6.878,0.028,0.000
SER_235338AAA517262.1.PDF,PAGINA 4,DIST18,M,1.610,0.100,0.100,1.616,0.007,0.000
SER_235338AAA517262.1.PDF,PAGINA 4,DIST19,M,1.100,0.100,0.100,1.111,0.011,0.000
SER_235338AAA517262.1.PDF,PAGINA 4,DIST47,M,1.600,0.100,0.100,1.616,0.016,0.000
SER_235338AAA517262.1.PDF,PAGINA 4,DIST2O,M,2.050,0.150,0.150,2.078,0.027,0.000
SER_235338AAA517262.1.PDF,PAGINA 5,DIST21,M,1.600,0.100,0.100,1.641,0.041,0.000
SER_235338AAA517262.1.PDF,PAGINA 5,DIST21,M,1.610,0.100,0.100,1.641,0.031,0.000
SER_235338AAA517262.1.PDF,PAGINA 5,DIST38,M,1.100,0.100,0.100,1.108,0.008,0.000
SER_235338AAA517262.1.PDF,PAGINA 5,DIST22,M,2.000,0.100,0.100,2.007,0.007,0.000
SER_235338AAA517262.1.PDF,PAGINA 5,DIST23,M,2.000,0.100,0.100,1.980,-0.020,0.000
SER_235338AAA517262.1.PDF,PAGINA 5,DIST24,M,1.610,0.100,0.100,1.622,0.011,0.000
SER_235338AAA517262.1.PDF,PAGINA 5,DIST25,M,1.100,0.100,0.100,1.134,0.033,0.000
SER_235338AAA517262.1.PDF,PAGINA 5,DIST41,M,1.100,0.100,0.100,1.124,0.024,0.000
SER_235338AAA517262.1.PDF,PAGINA 5,DIST44,M,1.600,0.100,0.100,1.613,0.013,0.000
SER_235338AAA517262.1.PDF,PAGINA 6,DIST44,M,1.610,0.100,0.100,1.613,0.003,0.000
SER_235338AAA517262.1.PDF,PAGINA 6,DIST26,M,2.050,0.150,0.150,2.053,0.003,0.000
SER_235338AAA517262.1.PDF,PAGINA 6,DIST12,M,1.100,0.100,0.100,1.109,0.009,0.000
SER_235338AAA517262.1.PDF,PAGINA 6,DIST15,M,6.800,0.100,0.100,6.832,0.032,0.000
SER_235338AAA517262.1.PDF,PAGINA 6,DIST31,M,6.800,0.100,0.100,6.820,-0.020,0.000
SER_235338AAA517262.1.PDF,PAGINA 6,DIST34,M,1.000,0.100,0.100,0.994,-0.006,0.000
SER_235338AAA517262.1.PDF,PAGINA 6,DIST35,M,1.000,0.100,0.100,0.990,-0.010,0.000
SER_235338AAA517262.PDF,PAGINA 1,DIST1,M,4.000,0.100,0.100,4.037,0.037,0.000
SER_235338AAA517262.PDF,PAGINA 1,DIST2,M,1.000,0.100,0.100,0.998,-0.002,0.000
SER_235338AAA517262.PDF,PAGINA 1,FCFPROF1,Z,1,2.033,0.733,0.027,0.000,0.000
SER_235338AAA517262.PDF,PAGINA 1,FCFPROF2,Z,1,0.012,-0.030,0.124,0.000,0.000
SER_235338AAA517262.PDF,PAGINA 1,LOCZ,R,283.850,0.050,0.050,283.838,-0.012,0.000
SER_235338AAA517262.PDF,PAGINA 1,DIST3,M,1.000,0.100,0.100,1.002,0.002,0.000
SER_235338AAA517262.PDF,PAGINA 2,DIST4,M,4.000,0.100,0.100,4.040,0.040,0.000
SER_235338AAA517262.PDF,PAGINA 2,FCFPROF3,Z,1,0.061,0.006,0.039,0.000,0.000
SER_235338AAA517262.PDF,PAGINA 2,FCFPROF4,Z,1,0.103,0.024,0.075,0.000,0.000
SER_235338AAA517262.PDF,PAGINA 2,DISTS,M,7.200,0.100,0.100,7.246,0.046,0.000
SER_235338AAA517262.PDF,PAGINA 3,DIST16,M,7.200,0.100,0.100,7.260,0.061,0.000
SER_235338AAA517262.PDF,PAGINA 3,FCFPROFZ,Z,1,0.000,-0.139,0.636,0.000,0.000
SER_235338AAA517262.PDF,PAGINA 3,FCFPROF8,Z,1,0.303,-0.024,00.054,0.000,0.000
SER_235338AAA517262.PDF,PAGINA 3,DIST8,M,1.000,0.100,0.100,1.008,0.008,0.000
SER_235338AAA517262.PDF,PAGINA 3,LOC19,R,3.000,0.150,0.150,2.942,-0.058,0.000
SER_235338AAA517262.PDF,PAGINA 3,LOC2O,R,3.000,0.150,0.150,3.000,0.000,0.000
SER_235338AAA517262.PDF,PAGINA 4,LOC21,R,3.000,0.150,0.150,2.961,-0.039,0.000
SER_235338AAA517262.PDF,PAGINA 4,LOC22,R,3.000,0.150,0.150,2.982,-0.018,0.000
SER_235338AAA517262.PDF,PAGINA 4,LOC23,R,3.000,0.150,0.150,2.938,-0.062,0.000
SER_235338AAA517262.PDF,PAGINA 4,LOC24,R,3.000,0.150,0.150,2.998,-0.002,0.000
SER_235338AAA517262.PDF,PAGINA 4,DIST9,M,3.050,0.100,0.100,3.093,0.043,0.000
SER_235338AAA517262.PDF,PAGINA 4,DIST1O,M,6.850,0.100,0.100,6.869,0.019,0.000
SER_235338AAA517262.PDF,PAGINA 4,DIST11,M,3.050,0.100,0.100,3.104,0.054,0.000
SER_235338AAA517262.PDF,PAGINA 4,DIST17,M,6.850,0.100,0.100,6.883,0.033,0.000
SER_235338AAA517262.PDF,PAGINA 4,DIST18,M,1.610,0.100,0.100,1.619,0.010,0.000
SER_235338AAA517262.PDF,PAGINA 4,DIST19,M,1.100,0.100,0.100,1.111,0.011,0.000
SER_235338AAA517262.PDF,PAGINA 4,DIST47,M,1.600,0.100,0.100,1.619,0.019,0.000
SER_235338AAA517262.PDF,PAGINA 4,DIST2O,M,2.050,0.150,0.150,2.075,0.024,0.000
SER_235338AAA517262.PDF,PAGINA 5,DIST21,M,1.600,0.100,0.100,1.644,0.044,0.000
SER_235338AAA517262.PDF,PAGINA 5,DIST21,M,1.610,0.100,0.100,1.644,0.034,0.000
SER_235338AAA517262.PDF,PAGINA 5,DIST38,M,1.100,0.100,0.100,1.108,0.008,0.000
SER_235338AAA517262.PDF,PAGINA 5,DIST22,M,2.000,0.100,0.100,2.004,0.004,0.000
SER_235338AAA517262.PDF,PAGINA 5,DIST23,M,2.000,0.100,0.100,1.983,-0.017,0.000
SER_235338AAA517262.PDF,PAGINA 5,DIST24,M,1.610,0.100,0.100,1.621,0.011,0.000
SER_235338AAA517262.PDF,PAGINA 5,DIST25,M,1.100,0.100,0.100,1.131,0.030,0.000
SER_235338AAA517262.PDF,PAGINA 5,DIST41,M,1.100,0.100,0.100,1.123,0.022,0.000
SER_235338AAA517262.PDF,PAGINA 5,DIST44,M,1.600,0.100,0.100,1.614,0.014,0.000
SER_235338AAA517262.PDF,PAGINA 6,DIST44,M,1.610,0.100,0.100,1.614,0.004,0.000
SER_235338AAA517262.PDF,PAGINA 6,DIST26,M,2.050,0.150,0.150,2.057,0.007,0.000
SER_235338AAA517262.PDF,PAGINA 6,DIST12,M,1.100,0.100,0.100,1.112,0.012,0.000
SER_235338AAA517262.PDF,PAGINA 6,DIST15,M,6.800,0.100,0.100,6.832,0.032,0.000
SER_235338AAA517262.PDF,PAGINA 6,DIST31,M,6.800,0.100,0.100,6.826,-0.026,0.000
SER_235338AAA517262.PDF,PAGINA 6,DIST34,M,1.000,0.100,0.100,0.997,-0.003,0.000
SER_235338AAA517262.PDF,PAGINA 6,DIST35,M,1.000,0.100,0.100,0.990,-0.010,0.000
SER_235338AAA517263.PDF,PAGINA 1,DIST1,M,4.000,0.100,0.100,4.036,0.036,0.000
SER_235338AAA517263.PDF,PAGINA 1,DIST2,M,1.000,0.100,0.100,1.013,0.013,0.000
SER_235338AAA517263.PDF,PAGINA 1,FCFPROF1,Z,1,0.056,0.047,0.164,0.000,0.000
SER_235338AAA517263.PDF,PAGINA 1,FCFPROF2,Z,1,-0.388,-0.138,0.087,0.000,0.000
SER_235338AAA517263.PDF,PAGINA 1,LOCZ,R,283.850,0.050,0.050,283.843,-0.007,0.000
SER_235338AAA517263.PDF,PAGINA 1,DIST3,M,1.000,0.100,0.100,1.012,0.012,0.000
SER_235338AAA517263.PDF,PAGINA 2,DIST4,M,4.000,0.100,0.100,4.040,0.040,0.000
SER_235338AAA517263.PDF,PAGINA 2,FCFPROF3,Z,1,0.092,0.012,0.031,0.000,0.000
SER_235338AAA517263.PDF,PAGINA 2,FCFPROF4,Z,1,0.103,0.025,0.082,0.000,0.000
SER_235338AAA517263.PDF,PAGINA 2,DISTS,M,7.200,0.100,0.100,7.247,0.047,0.000
SER_235338AAA517263.PDF,PAGINA 3,DIST16,M,7.200,0.100,0.100,7.261,0.061,0.000
SER_235338AAA517263.PDF,PAGINA 3,FCFPROFZ,Z,1,0.000,-0.144,0.577,0.000,0.000
SER_235338AAA517263.PDF,PAGINA 3,FCFPROF8,Z,1,1.248,-0.093,0.157,0.000,0.000
SER_235338AAA517263.PDF,PAGINA 3,DIST8,M,1.000,0.100,0.100,1.009,0.009,0.000
SER_235338AAA517263.PDF,PAGINA 3,LOC19,R,3.000,0.150,0.150,2.963,-0.037,0.000
SER_235338AAA517263.PDF,PAGINA 3,LOC2O,R,3.000,0.150,0.150,3.000,0.000,0.000
SER_235338AAA517263.PDF,PAGINA 4,LOC21,R,3.000,0.150,0.150,2.956,-0.044,0.000
SER_235338AAA517263.PDF,PAGINA 4,LOC22,R,3.000,0.150,0.150,2.972,-0.028,0.000
SER_235338AAA517263.PDF,PAGINA 4,LOC23,R,3.000,0.150,0.150,2.949,-0.051,0.000
SER_235338AAA517263.PDF,PAGINA 4,LOC24,R,3.000,0.150,0.150,2.999,-0.001,0.000
SER_235338AAA517263.PDF,PAGINA 4,DIST9,M,3.050,0.100,0.100,3.092,0.042,0.000
SER_235338AAA517263.PDF,PAGINA 4,DIST1O,M,6.850,0.100,0.100,6.879,0.029,0.000
SER_235338AAA517263.PDF,PAGINA 4,DIST11,M,3.050,0.100,0.100,3.092,0.042,0.000
SER_235338AAA517263.PDF,PAGINA 4,DIST17,M,6.850,0.100,0.100,6.872,0.022,0.000
SER_235338AAA517263.PDF,PAGINA 4,DIST18,M,1.610,0.100,0.100,1.625,0.016,0.000
SER_235338AAA517263.PDF,PAGINA 4,DIST19,M,1.100,0.100,0.100,1.118,0.019,0.000
SER_235338AAA517263.PDF,PAGINA 4,DIST47,M,1.600,0.100,0.100,1.625,0.025,0.000
SER_235338AAA517263.PDF,PAGINA 4,DIST2O,M,2.050,0.150,0.150,2.072,0.022,0.000
SER_235338AAA517263.PDF,PAGINA 5,DIST21,M,1.600,0.100,0.100,1.644,0.044,0.000
SER_235338AAA517263.PDF,PAGINA 5,DIST21,M,1.610,0.100,0.100,1.644,0.034,0.000
SER_235338AAA517263.PDF,PAGINA 5,DIST38,M,1.100,0.100,0.100,1.112,0.012,0.000
SER_235338AAA517263.PDF,PAGINA 5,DIST22,M,2.000,0.100,0.100,2.004,0.004,0.000
SER_235338AAA517263.PDF,PAGINA 5,DIST23,M,2.000,0.100,0.100,1.977,-0.023,0.000
SER_235338AAA517263.PDF,PAGINA 5,DIST24,M,1.610,0.100,0.100,1.614,0.003,0.000
SER_235338AAA517263.PDF,PAGINA 5,DIST25,M,1.100,0.100,0.100,1.123,0.022,0.000
SER_235338AAA517263.PDF,PAGINA 5,DIST41,M,1.100,0.100,0.100,1.118,0.018,0.000
SER_235338AAA517263.PDF,PAGINA 5,DIST44,M,1.600,0.100,0.100,1.610,0.010,0.000
SER_235338AAA517263.PDF,PAGINA 6,DIST44,M,1.610,0.100,0.100,1.610,0.000,0.000
SER_235338AAA517263.PDF,PAGINA 6,DIST26,M,2.050,0.150,0.150,2.047,-0.003,0.000
SER_235338AAA517263.PDF,PAGINA 6,DIST12,M,1.100,0.100,0.100,1.113,0.013,0.000
SER_235338AAA517263.PDF,PAGINA 6,DIST15,M,6.800,0.100,0.100,6.833,0.033,0.000
SER_235338AAA517263.PDF,PAGINA 6,DIST31,M,6.800,0.100,0.100,6.819,-0.019,0.000
SER_235338AAA517263.PDF,PAGINA 6,DIST34,M,1.000,0.100,0.100,1.005,0.005,0.000
SER_235338AAA517263.PDF,PAGINA 6,DIST35,M,1.000,0.100,0.100,1.001,0.001,0.000
SER_235338AAA517264.PDF,PAGINA 1,DIST1,M,4.000,0.100,0.100,4.040,0.040,0.000
SER_235338AAA517264.PDF,PAGINA 1,DIST2,M,1.000,0.100,0.100,1.024,0.024,0.000
SER_235338AAA517264.PDF,PAGINA 1,FCFPROF1,Z,1,2.212,0.801,00.054,0.000,0.000
SER_235338AAA517264.PDF,PAGINA 1,FCFPROF2,Z,1,-0.034,-0.036,0.110,0.000,0.000
SER_235338AAA517264.PDF,PAGINA 1,LOCZ,R,283.850,0.050,0.050,283.832,-0.018,0.000
SER_235338AAA517264.PDF,PAGINA 1,DIST3,M,1.000,0.100,0.100,1.026,0.026,0.000
SER_235338AAA517264.PDF,PAGINA 2,DIST4,M,4.000,0.100,0.100,4.042,0.042,0.000
SER_235338AAA517264.PDF,PAGINA 2,FCFPROF3,Z,1,0.103,0.014,0.033,0.000,0.000
SER_235338AAA517264.PDF,PAGINA 2,FCFPROF4,Z,1,0.724,0.135,0.074,0.000,0.000
SER_235338AAA517264.PDF,PAGINA 2,DISTS,M,7.200,0.100,0.100,7.251,0.051,0.000
SER_235338AAA517264.PDF,PAGINA 3,DIST16,M,7.200,0.100,0.100,7.268,0.068,0.000
SER_235338AAA517264.PDF,PAGINA 3,FCFPROFZ,Z,1,0.000,-0.169,0.672,0.000,0.000
SER_235338AAA517264.PDF,PAGINA 3,FCFPROF8,Z,1,0.771,-0.071,0.101,0.000,0.000
SER_235338AAA517264.PDF,PAGINA 3,DIST8,M,1.000,0.100,0.100,1.018,0.018,0.000
SER_235338AAA517264.PDF,PAGINA 3,LOC19,R,3.000,0.150,0.150,2.949,-0.051,0.000
SER_235338AAA517264.PDF,PAGINA 3,LOC2O,R,3.000,0.150,0.150,2.990,-0.010,0.000
SER_235338AAA517264.PDF,PAGINA 4,LOC21,R,3.000,0.150,0.150,2.954,-0.046,0.000
SER_235338AAA517264.PDF,PAGINA 4,LOC22,R,3.000,0.150,0.150,2.977,-0.023,0.000
SER_235338AAA517264.PDF,PAGINA 4,LOC23,R,3.000,0.150,0.150,2.954,-0.046,0.000
SER_235338AAA517264.PDF,PAGINA 4,LOC24,R,3.000,0.150,0.150,2.998,-0.002,0.000
SER_235338AAA517264.PDF,PAGINA 4,DIST9,M,3.050,0.100,0.100,3.091,0.041,0.000
SER_235338AAA517264.PDF,PAGINA 4,DIST1O,M,6.850,0.100,0.100,6.868,0.018,0.000
SER_235338AAA517264.PDF,PAGINA 4,DIST11,M,3.050,0.100,0.100,3.103,0.053,0.000
SER_235338AAA517264.PDF,PAGINA 4,DIST17,M,6.850,0.100,0.100,6.879,0.029,0.000
SER_235338AAA517264.PDF,PAGINA 4,DIST18,M,1.610,0.100,0.100,1.637,0.027,0.000
SER_235338AAA517264.PDF,PAGINA 4,DIST19,M,1.100,0.100,0.100,1.121,0.022,0.000
SER_235338AAA517264.PDF,PAGINA 4,DIST47,M,1.600,0.100,0.100,1.637,0.037,0.000
SER_235338AAA517264.PDF,PAGINA 4,DIST2O,M,2.050,0.150,0.150,2.079,0.029,0.000
SER_235338AAA517264.PDF,PAGINA 5,DIST21,M,1.600,0.100,0.100,1.653,0.053,0.000
SER_235338AAA517264.PDF,PAGINA 5,DIST21,M,1.610,0.100,0.100,1.653,0.043,0.000
SER_235338AAA517264.PDF,PAGINA 5,DIST38,M,1.100,0.100,0.100,1.098,-0.002,0.000
SER_235338AAA517264.PDF,PAGINA 5,DIST22,M,2.000,0.100,0.100,2.015,0.015,0.000
SER_235338AAA517264.PDF,PAGINA 5,DIST23,M,2.000,0.100,0.100,1.974,-0.026,0.000
SER_235338AAA517264.PDF,PAGINA 5,DIST24,M,1.610,0.100,0.100,1.626,0.015,0.000
SER_235338AAA517264.PDF,PAGINA 5,DIST25,M,1.100,0.100,0.100,1.129,0.029,0.000
SER_235338AAA517264.PDF,PAGINA 5,DIST41,M,1.100,0.100,0.100,1.125,0.024,0.000
SER_235338AAA517264.PDF,PAGINA 5,DIST44,M,1.600,0.100,0.100,1.621,0.021,0.000
SER_235338AAA517264.PDF,PAGINA 6,DIST44,M,1.610,0.100,0.100,1.621,0.011,0.000
SER_235338AAA517264.PDF,PAGINA 6,DIST26,M,2.050,0.150,0.150,2.047,-0.003,0.000
SER_235338AAA517264.PDF,PAGINA 6,DIST12,M,1.100,0.100,0.100,1.094,-0.006,0.000
SER_235338AAA517264.PDF,PAGINA 6,DIST15,M,6.800,0.100,0.100,6.839,0.039,0.000
SER_235338AAA517264.PDF,PAGINA 6,DIST31,M,6.800,0.100,0.100,6.835,-0.035,0.000
SER_235338AAA517264.PDF,PAGINA 6,DIST34,M,1.000,0.100,0.100,1.015,0.015,0.000
SER_235338AAA517264.PDF,PAGINA 6,DIST35,M,1.000,0.100,0.100,1.005,0.005,0.000
SER_235338AAA517265.PDF,PAGINA 1,DIST1,M,4.000,0.100,0.100,4.038,0.038,0.000
SER_235338AAA517265.PDF,PAGINA 1,DIST2,M,1.000,0.100,0.100,1.019,0.019,0.000
SER_235338AAA517265.PDF,PAGINA 1,FCFPROF1,Z,1,-0.000,0.042,0.243,0.000,0.000
SER_235338AAA517265.PDF,PAGINA 1,FCFPROF2,Z,1,0.000,-0.020,0.066,0.000,0.000
SER_235338AAA517265.PDF,PAGINA 1,LOCZ,R,283.850,0.050,0.050,283.819,-0.031,0.000
SER_235338AAA517265.PDF,PAGINA 1,DIST3,M,1.000,0.100,0.100,1.032,0.032,0.000
SER_235338AAA517265.PDF,PAGINA 2,DIST4,M,4.000,0.100,0.100,4.041,0.041,0.000
SER_235338AAA517265.PDF,PAGINA 2,FCFPROF3,Z,1,0.080,0.011,0.015,0.000,0.000
SER_235338AAA517265.PDF,PAGINA 2,FCFPROF4,Z,1,-0.849,-0.147,0.129,0.000,0.000
SER_235338AAA517265.PDF,PAGINA 2,DISTS,M,7.200,0.100,0.100,7.255,0.055,0.000
SER_235338AAA517265.PDF,PAGINA 3,DIST16,M,7.200,0.100,0.100,7.270,0.070,0.000
SER_235338AAA517265.PDF,PAGINA 3,FCFPROFZ,Z,1,0.000,-0.179,0.782,0.000,0.000
SER_235338AAA517265.PDF,PAGINA 3,FCFPROF8,Z,1,0.500,-0.040,0.027,0.000,0.000
SER_235338AAA517265.PDF,PAGINA 3,DIST8,M,1.000,0.100,0.100,1.029,0.029,0.000
SER_235338AAA517265.PDF,PAGINA 3,LOC16,X,-1.000,0.100,0.100,-1.120,-0.120,0.020
SER_235338AAA517265.PDF,PAGINA 3,LOC19,R,3.000,0.150,0.150,2.960,-0.040,0.000
SER_235338AAA517265.PDF,PAGINA 3,LOC2O,R,3.000,0.150,0.150,2.999,-0.001,0.000
SER_235338AAA517265.PDF,PAGINA 4,LOC21,R,3.000,0.150,0.150,2.953,-0.047,0.000
SER_235338AAA517265.PDF,PAGINA 4,LOC22,R,3.000,0.150,0.150,2.979,-0.021,0.000
SER_235338AAA517265.PDF,PAGINA 4,LOC23,R,3.000,0.150,0.150,2.947,-0.053,0.000
SER_235338AAA517265.PDF,PAGINA 4,LOC24,R,3.000,0.150,0.150,3.005,0.005,0.000
SER_235338AAA517265.PDF,PAGINA 4,DIST9,M,3.050,0.100,0.100,3.100,0.050,0.000
SER_235338AAA517265.PDF,PAGINA 4,DIST1O,M,6.850,0.100,0.100,6.881,0.031,0.000
SER_235338AAA517265.PDF,PAGINA 4,DIST11,M,3.050,0.100,0.100,3.105,0.055,0.000
SER_235338AAA517265.PDF,PAGINA 4,DIST17,M,6.850,0.100,0.100,6.880,0.030,0.000
SER_235338AAA517265.PDF,PAGINA 4,DIST18,M,1.610,0.100,0.100,1.645,0.035,0.000
SER_235338AAA517265.PDF,PAGINA 4,DIST19,M,1.100,0.100,0.100,1.129,0.030,0.000
SER_235338AAA517265.PDF,PAGINA 4,DIST47,M,1.600,0.100,0.100,1.645,0.045,0.000
SER_235338AAA517265.PDF,PAGINA 4,DIST2O,M,2.050,0.150,0.150,2.101,0.051,0.000
SER_235338AAA517265.PDF,PAGINA 5,DIST21,M,1.600,0.100,0.100,1.661,0.061,0.000
SER_235338AAA517265.PDF,PAGINA 5,DIST21,M,1.610,0.100,0.100,1.661,0.051,0.000
SER_235338AAA517265.PDF,PAGINA 5,DIST38,M,1.100,0.100,0.100,1.117,0.017,0.000
SER_235338AAA517265.PDF,PAGINA 5,DIST22,M,2.000,0.100,0.100,2.027,0.027,0.000
SER_235338AAA517265.PDF,PAGINA 5,DIST23,M,2.000,0.100,0.100,1.960,-0.040,0.000
SER_235338AAA517265.PDF,PAGINA 5,DIST24,M,1.610,0.100,0.100,1.632,0.021,0.000
SER_235338AAA517265.PDF,PAGINA 5,DIST25,M,1.100,0.100,0.100,1.125,0.025,0.000
SER_235338AAA517265.PDF,PAGINA 5,DIST41,M,1.100,0.100,0.100,1.118,0.017,0.000
SER_235338AAA517265.PDF,PAGINA 5,DIST44,M,1.600,0.100,0.100,1.624,0.024,0.000
SER_235338AAA517265.PDF,PAGINA 6,DIST44,M,1.610,0.100,0.100,1.624,0.014,0.000
SER_235338AAA517265.PDF,PAGINA 6,DIST26,M,2.050,0.150,0.150,2.034,-0.016,0.000
SER_235338AAA517265.PDF,PAGINA 6,DIST12,M,1.100,0.100,0.100,1.113,0.013,0.000
SER_235338AAA517265.PDF,PAGINA 6,DIST15,M,6.800,0.100,0.100,6.848,0.048,0.000
SER_235338AAA517265.PDF,PAGINA 6,DIST31,M,6.800,0.100,0.100,6.839,-0.039,0.000
SER_235338AAA517265.PDF,PAGINA 6,DIST34,M,1.000,0.100,0.100,1.023,0.023,0.000
SER_235338AAA517265.PDF,PAGINA 6,DIST35,M,1.000,0.100,0.100,1.014,0.014,0.000
SER_235338AAA517266.PDF,PAGINA 1,DIST1,M,4.000,0.100,0.100,4.042,0.042,0.000
SER_235338AAA517266.PDF,PAGINA 1,DIST2,M,1.000,0.100,0.100,1.009,0.009,0.000
SER_235338AAA517266.PDF,PAGINA 1,FCFPROF1,Z,1,1.308,0.482,0.090,0.000,0.000
SER_235338AAA517266.PDF,PAGINA 1,FCFPROF2,Z,1,-0.281,-0.116,0.124,0.000,0.000
SER_235338AAA517266.PDF,PAGINA 1,LOCZ,R,283.850,0.050,0.050,283.852,0.002,0.000
SER_235338AAA517266.PDF,PAGINA 1,DIST3,M,1.000,0.100,0.100,0.994,-0.006,0.000
SER_235338AAA517266.PDF,PAGINA 2,DIST4,M,4.000,0.100,0.100,4.048,0.048,0.000
SER_235338AAA517266.PDF,PAGINA 2,FCFPROF3,Z,1,0.181,0.027,0.055,0.000,0.000
SER_235338AAA517266.PDF,PAGINA 2,FCFPROF4,Z,1,0.141,0.032,0.082,0.000,0.000
SER_235338AAA517266.PDF,PAGINA 2,DISTS,M,7.200,0.100,0.100,7.259,0.059,0.000
SER_235338AAA517266.PDF,PAGINA 3,DIST16,M,7.200,0.100,0.100,7.273,0.074,0.000
SER_235338AAA517266.PDF,PAGINA 3,FCFPROFZ,Z,1,0.000,-0.149,0.617,0.000,0.000
SER_235338AAA517266.PDF,PAGINA 3,FCFPROF8,Z,1,0.000,0.024,0.190,0.000,0.000
SER_235338AAA517266.PDF,PAGINA 3,DIST8,M,1.000,0.100,0.100,1.006,0.006,0.000
SER_235338AAA517266.PDF,PAGINA 3,LOC19,R,3.000,0.150,0.150,2.952,-0.048,0.000
SER_235338AAA517266.PDF,PAGINA 3,LOC2O,R,3.000,0.150,0.150,3.008,0.008,0.000
SER_235338AAA517266.PDF,PAGINA 4,LOC21,R,3.000,0.150,0.150,2.955,-0.045,0.000
SER_235338AAA517266.PDF,PAGINA 4,LOC22,R,3.000,0.150,0.150,2.983,-0.017,0.000
SER_235338AAA517266.PDF,PAGINA 4,LOC23,R,3.000,0.150,0.150,2.935,-0.065,0.000
SER_235338AAA517266.PDF,PAGINA 4,LOC24,R,3.000,0.150,0.150,2.994,-0.006,0.000
SER_235338AAA517266.PDF,PAGINA 4,DIST9,M,3.050,0.100,0.100,3.082,0.032,0.000
SER_235338AAA517266.PDF,PAGINA 4,DIST1O,M,6.850,0.100,0.100,6.860,0.010,0.000
SER_235338AAA517266.PDF,PAGINA 4,DIST11,M,3.050,0.100,0.100,3.095,0.045,0.000
SER_235338AAA517266.PDF,PAGINA 4,DIST17,M,6.850,0.100,0.100,6.875,0.025,0.000
SER_235338AAA517266.PDF,PAGINA 4,DIST18,M,1.610,0.100,0.100,1.617,0.007,0.000
SER_235338AAA517266.PDF,PAGINA 4,DIST19,M,1.100,0.100,0.100,1.085,-0.015,0.000
SER_235338AAA517266.PDF,PAGINA 4,DIST47,M,1.600,0.100,0.100,1.617,0.017,0.000
SER_235338AAA517266.PDF,PAGINA 4,DIST2O,M,2.050,0.150,0.150,2.060,0.010,0.000
SER_235338AAA517266.PDF,PAGINA 5,DIST21,M,1.600,0.100,0.100,1.651,0.051,0.000
SER_235338AAA517266.PDF,PAGINA 5,DIST21,M,1.610,0.100,0.100,1.651,0.041,0.000
SER_235338AAA517266.PDF,PAGINA 5,DIST38,M,1.100,0.100,0.100,1.096,-0.004,0.000
SER_235338AAA517266.PDF,PAGINA 5,DIST22,M,2.000,0.100,0.100,1.996,-0.004,0.000
SER_235338AAA517266.PDF,PAGINA 5,DIST23,M,2.000,0.100,0.100,1.993,-0.007,0.000
SER_235338AAA517266.PDF,PAGINA 5,DIST24,M,1.610,0.100,0.100,1.618,0.008,0.000
SER_235338AAA517266.PDF,PAGINA 5,DIST25,M,1.100,0.100,0.100,1.116,0.015,0.000
SER_235338AAA517266.PDF,PAGINA 5,DIST41,M,1.100,0.100,0.100,1.113,0.012,0.000
SER_235338AAA517266.PDF,PAGINA 5,DIST44,M,1.600,0.100,0.100,1.615,0.015,0.000
SER_235338AAA517266.PDF,PAGINA 6,DIST44,M,1.610,0.100,0.100,1.615,0.005,0.000
SER_235338AAA517266.PDF,PAGINA 6,DIST26,M,2.050,0.150,0.150,2.063,0.013,0.000
SER_235338AAA517266.PDF,PAGINA 6,DIST12,M,1.100,0.100,0.100,1.103,0.003,0.000
SER_235338AAA517266.PDF,PAGINA 6,DIST15,M,6.800,0.100,0.100,6.833,0.033,0.000
SER_235338AAA517266.PDF,PAGINA 6,DIST31,M,6.800,0.100,0.100,6.837,-0.037,0.000
SER_235338AAA517266.PDF,PAGINA 6,DIST34,M,1.000,0.100,0.100,0.998,-0.002,0.000
SER_235338AAA517266.PDF,PAGINA 6,DIST35,M,1.000,0.100,0.100,0.992,-0.008,0.000
SER_235338AAA517267.PDF,PAGINA 1,DIST1,M,4.000,0.100,0.100,4.043,0.043,0.000
SER_235338AAA517267.PDF,PAGINA 1,DIST2,M,1.000,0.100,0.100,1.010,0.010,0.000
SER_235338AAA517267.PDF,PAGINA 1,FCFPROF1,Z,1,3.644,1.317,0.037,0.000,0.000
SER_235338AAA517267.PDF,PAGINA 1,FCFPROF2,Z,1,-0.055,-0.035,0.084,0.000,0.000
SER_235338AAA517267.PDF,PAGINA 1,LOCZ,R,283.850,0.050,0.050,283.855,0.005,0.000
SER_235338AAA517267.PDF,PAGINA 1,DIST3,M,1.000,0.100,0.100,0.991,-0.009,0.000
SER_235338AAA517267.PDF,PAGINA 2,DIST4,M,4.000,0.100,0.100,4.047,0.047,0.000
SER_235338AAA517267.PDF,PAGINA 2,FCFPROF3,Z,1,0.095,0.013,0.029,0.000,0.000
SER_235338AAA517267.PDF,PAGINA 2,FCFPROF4,Z,1,1.470,0.270,0.076,0.000,0.000
SER_235338AAA517267.PDF,PAGINA 2,DISTS,M,7.200,0.100,0.100,7.265,0.065,0.000
SER_235338AAA517267.PDF,PAGINA 3,DIST16,M,7.200,0.100,0.100,7.279,0.079,0.000
SER_235338AAA517267.PDF,PAGINA 3,FCFPROFZ,Z,1,0.000,-0.168,0.713,0.000,0.000
SER_235338AAA517267.PDF,PAGINA 3,FCFPROF8,Z,1,0.149,0.005,0.157,0.000,0.000
SER_235338AAA517267.PDF,PAGINA 3,DIST8,M,1.000,0.100,0.100,1.002,0.002,0.000
SER_235338AAA517267.PDF,PAGINA 3,LOC19,R,3.000,0.150,0.150,2.939,-0.061,0.000
SER_235338AAA517267.PDF,PAGINA 3,LOC2O,R,3.000,0.150,0.150,2.983,-0.017,0.000
SER_235338AAA517267.PDF,PAGINA 4,LOC21,R,3.000,0.150,0.150,2.952,-0.048,0.000
SER_235338AAA517267.PDF,PAGINA 4,LOC22,R,3.000,0.150,0.150,2.972,-0.028,0.000
SER_235338AAA517267.PDF,PAGINA 4,LOC23,R,3.000,0.150,0.150,2.937,-0.063,0.000
SER_235338AAA517267.PDF,PAGINA 4,LOC24,R,3.000,0.150,0.150,2.984,-0.016,0.000
SER_235338AAA517267.PDF,PAGINA 4,DIST9,M,3.050,0.100,0.100,3.091,0.041,0.000
SER_235338AAA517267.PDF,PAGINA 4,DIST1O,M,6.850,0.100,0.100,6.857,0.007,0.000
SER_235338AAA517267.PDF,PAGINA 4,DIST11,M,3.050,0.100,0.100,3.089,0.039,0.000
SER_235338AAA517267.PDF,PAGINA 4,DIST17,M,6.850,0.100,0.100,6.857,0.007,0.000
SER_235338AAA517267.PDF,PAGINA 4,DIST18,M,1.610,0.100,0.100,1.616,0.006,0.000
SER_235338AAA517267.PDF,PAGINA 4,DIST19,M,1.100,0.100,0.100,1.100,0.000,0.000
SER_235338AAA517267.PDF,PAGINA 4,DIST47,M,1.600,0.100,0.100,1.616,0.016,0.000
SER_235338AAA517267.PDF,PAGINA 4,DIST2O,M,2.050,0.150,0.150,2.072,0.021,0.000
SER_235338AAA517267.PDF,PAGINA 5,DIST21,M,1.600,0.100,0.100,1.645,0.045,0.000
SER_235338AAA517267.PDF,PAGINA 5,DIST21,M,1.610,0.100,0.100,1.645,0.035,0.000
SER_235338AAA517267.PDF,PAGINA 5,DIST38,M,1.100,0.100,0.100,1.091,-0.009,0.000
SER_235338AAA517267.PDF,PAGINA 5,DIST22,M,2.000,0.100,0.100,2.013,0.013,0.000
SER_235338AAA517267.PDF,PAGINA 5,DIST23,M,2.000,0.100,0.100,1.985,-0.015,0.000
SER_235338AAA517267.PDF,PAGINA 5,DIST24,M,1.610,0.100,0.100,1.616,0.006,0.000
SER_235338AAA517267.PDF,PAGINA 5,DIST25,M,1.100,0.100,0.100,1.115,0.015,0.000
SER_235338AAA517267.PDF,PAGINA 5,DIST41,M,1.100,0.100,0.100,1.108,0.007,0.000
SER_235338AAA517267.PDF,PAGINA 5,DIST44,M,1.600,0.100,0.100,1.609,0.009,0.000
SER_235338AAA517267.PDF,PAGINA 6,DIST44,M,1.610,0.100,0.100,1.609,-0.001,0.000
SER_235338AAA517267.PDF,PAGINA 6,DIST26,M,2.050,0.150,0.150,2.054,0.004,0.000
SER_235338AAA517267.PDF,PAGINA 6,DIST12,M,1.100,0.100,0.100,1.095,-0.005,0.000
SER_235338AAA517267.PDF,PAGINA 6,DIST15,M,6.800,0.100,0.100,6.831,0.031,0.000
SER_235338AAA517267.PDF,PAGINA 6,DIST31,M,6.800,0.100,0.100,6.830,-0.030,0.000
SER_235338AAA517267.PDF,PAGINA 6,DIST34,M,1.000,0.100,0.100,0.993,-0.007,0.000
SER_235338AAA517267.PDF,PAGINA 6,DIST35,M,1.000,0.100,0.100,0.983,-0.017,0.000
SER_235338AAA517268.PDF,PAGINA 1,DIST1,M,4.000,0.100,0.100,4.046,0.046,0.000
SER_235338AAA517268.PDF,PAGINA 1,DIST2,M,1.000,0.100,0.100,1.010,0.010,0.000
SER_235338AAA517268.PDF,PAGINA 1,FCFPROF1,Z,1,-0.163,0.003,0.295,0.000,0.000
SER_235338AAA517268.PDF,PAGINA 1,FCFPROF2,Z,1,0.110,0.020,0.091,0.000,0.000
SER_235338AAA517268.PDF,PAGINA 1,LOCZ,R,283.850,0.050,0.050,283.853,0.003,0.000
SER_235338AAA517268.PDF,PAGINA 1,DIST3,M,1.000,0.100,0.100,1.000,0.000,0.000
SER_235338AAA517268.PDF,PAGINA 2,DIST4,M,4.000,0.100,0.100,4.051,0.051,0.000
SER_235338AAA517268.PDF,PAGINA 2,FCFPROF3,Z,1,-0.026,-0.007,0.025,0.000,0.000
SER_235338AAA517268.PDF,PAGINA 2,FCFPROF4,Z,1,1.818,0.333,0.080,0.000,0.000
SER_235338AAA517268.PDF,PAGINA 2,DISTS,M,7.200,0.100,0.100,7.268,0.068,0.000
SER_235338AAA517268.PDF,PAGINA 3,DIST16,M,7.200,0.100,0.100,7.282,0.082,0.000
SER_235338AAA517268.PDF,PAGINA 3,FCFPROFZ,Z,1,0.000,-0.187,0.703,0.000,0.000
SER_235338AAA517268.PDF,PAGINA 3,FCFPROF8,Z,1,0.000,0.023,0.266,0.000,0.000
SER_235338AAA517268.PDF,PAGINA 3,DIST8,M,1.000,0.100,0.100,1.006,0.006,0.000
SER_235338AAA517268.PDF,PAGINA 3,LOC19,R,3.000,0.150,0.150,2.946,-0.054,0.000
SER_235338AAA517268.PDF,PAGINA 3,LOC2O,R,3.000,0.150,0.150,2.999,-0.001,0.000
SER_235338AAA517268.PDF,PAGINA 4,LOC21,R,3.000,0.150,0.150,2.952,-0.048,0.000
SER_235338AAA517268.PDF,PAGINA 4,LOC22,R,3.000,0.150,0.150,2.972,-0.028,0.000
SER_235338AAA517268.PDF,PAGINA 4,LOC23,R,3.000,0.150,0.150,2.933,-0.067,0.000
SER_235338AAA517268.PDF,PAGINA 4,LOC24,R,3.000,0.150,0.150,2.985,-0.015,0.000
SER_235338AAA517268.PDF,PAGINA 4,DIST9,M,3.050,0.100,0.100,3.099,0.049,0.000
SER_235338AAA517268.PDF,PAGINA 4,DIST1O,M,6.850,0.100,0.100,6.857,0.007,0.000
SER_235338AAA517268.PDF,PAGINA 4,DIST11,M,3.050,0.100,0.100,3.101,0.051,0.000
SER_235338AAA517268.PDF,PAGINA 4,DIST17,M,6.850,0.100,0.100,6.861,0.011,0.000
SER_235338AAA517268.PDF,PAGINA 4,DIST18,M,1.610,0.100,0.100,1.635,0.025,0.000
SER_235338AAA517268.PDF,PAGINA 4,DIST19,M,1.100,0.100,0.100,1.109,0.009,0.000
SER_235338AAA517268.PDF,PAGINA 4,DIST47,M,1.600,0.100,0.100,1.635,0.035,0.000
SER_235338AAA517268.PDF,PAGINA 4,DIST2O,M,2.050,0.150,0.150,2.069,0.019,0.000
SER_235338AAA517268.PDF,PAGINA 5,DIST21,M,1.600,0.100,0.100,1.641,0.041,0.000
SER_235338AAA517268.PDF,PAGINA 5,DIST21,M,1.610,0.100,0.100,1.641,0.031,0.000
SER_235338AAA517268.PDF,PAGINA 5,DIST38,M,1.100,0.100,0.100,1.100,0.000,0.000
SER_235338AAA517268.PDF,PAGINA 5,DIST22,M,2.000,0.100,0.100,2.018,0.018,0.000
SER_235338AAA517268.PDF,PAGINA 5,DIST23,M,2.000,0.100,0.100,1.952,-0.048,0.000
SER_235338AAA517268.PDF,PAGINA 5,DIST24,M,1.610,0.100,0.100,1.624,0.013,0.000
SER_235338AAA517268.PDF,PAGINA 5,DIST25,M,1.100,0.100,0.100,1.126,0.026,0.000
SER_235338AAA517268.PDF,PAGINA 5,DIST41,M,1.100,0.100,0.100,1.120,0.019,0.000
SER_235338AAA517268.PDF,PAGINA 5,DIST44,M,1.600,0.100,0.100,1.617,0.017,0.000
SER_235338AAA517268.PDF,PAGINA 6,DIST44,M,1.610,0.100,0.100,1.617,0.007,0.000
SER_235338AAA517268.PDF,PAGINA 6,DIST26,M,2.050,0.150,0.150,2.054,0.004,0.000
SER_235338AAA517268.PDF,PAGINA 6,DIST12,M,1.100,0.100,0.100,1.099,-0.001,0.000
SER_235338AAA517268.PDF,PAGINA 6,DIST15,M,6.800,0.100,0.100,6.839,0.039,0.000
SER_235338AAA517268.PDF,PAGINA 6,DIST31,M,6.800,0.100,0.100,6.835,-0.035,0.000
SER_235338AAA517268.PDF,PAGINA 6,DIST34,M,1.000,0.100,0.100,0.998,-0.002,0.000
SER_235338AAA517268.PDF,PAGINA 6,DIST35,M,1.000,0.100,0.100,0.987,-0.013,0.000
SER_235338AAA517269.PDF,PAGINA 1,DIST1,M,4.000,0.100,0.100,4.049,0.049,0.000
SER_235338AAA517269.PDF,PAGINA 1,DIST2,M,1.000,0.100,0.100,1.014,0.014,0.000
SER_235338AAA517269.PDF,PAGINA 1,FCFPROF1,Z,1,-0.020,0.059,0.309,0.000,0.000
SER_235338AAA517269.PDF,PAGINA 1,FCFPROF2,Z,1,-0.087,-0.046,0.079,0.000,0.000
SER_235338AAA517269.PDF,PAGINA 1,LOCZ,R,283.850,0.050,0.050,283.837,-0.013,0.000
SER_235338AAA517269.PDF,PAGINA 1,DIST3,M,1.000,0.100,0.100,1.005,0.005,0.000
SER_235338AAA517269.PDF,PAGINA 2,DIST4,M,4.000,0.100,0.100,4.052,0.052,0.000
SER_235338AAA517269.PDF,PAGINA 2,FCFPROF3,Z,1,0.094,0.013,0.035,0.000,0.000
SER_235338AAA517269.PDF,PAGINA 2,FCFPROF4,Z,1,0.368,0.076,0.106,0.000,0.000
SER_235338AAA517269.PDF,PAGINA 2,DISTS,M,7.200,0.100,0.100,7.269,0.069,0.000
SER_235338AAA517269.PDF,PAGINA 3,DIST16,M,7.200,0.100,0.100,7.285,0.086,0.000
SER_235338AAA517269.PDF,PAGINA 3,FCFPROFZ,Z,1,1.556,-0.358,0.934,0.000,0.000
SER_235338AAA517269.PDF,PAGINA 3,FCFPROF8,Z,1,1.249,-0.113,0.076,0.000,0.000
SER_235338AAA517269.PDF,PAGINA 3,DIST8,M,1.000,0.100,0.100,1.007,0.007,0.000
SER_235338AAA517269.PDF,PAGINA 3,LOC16,X,-1.000,0.100,0.100,-1.105,-0.105,0.005
SER_235338AAA517269.PDF,PAGINA 3,LOC19,R,3.000,0.150,0.150,2.951,-0.049,0.000
SER_235338AAA517269.PDF,PAGINA 3,LOC2O,R,3.000,0.150,0.150,2.999,-0.001,0.000
SER_235338AAA517269.PDF,PAGINA 4,LOC21,R,3.000,0.150,0.150,2.947,-0.053,0.000
SER_235338AAA517269.PDF,PAGINA 4,LOC22,R,3.000,0.150,0.150,2.968,-0.032,0.000
SER_235338AAA517269.PDF,PAGINA 4,LOC23,R,3.000,0.150,0.150,2.938,-0.062,0.000
SER_235338AAA517269.PDF,PAGINA 4,LOC24,R,3.000,0.150,0.150,2.991,-0.009,0.000
SER_235338AAA517269.PDF,PAGINA 4,DIST9,M,3.050,0.100,0.100,3.093,0.043,0.000
SER_235338AAA517269.PDF,PAGINA 4,DIST1O,M,6.850,0.100,0.100,6.861,0.011,0.000
SER_235338AAA517269.PDF,PAGINA 4,DIST11,M,3.050,0.100,0.100,3.101,0.051,0.000
SER_235338AAA517269.PDF,PAGINA 4,DIST17,M,6.850,0.100,0.100,6.867,0.017,0.000
SER_235338AAA517269.PDF,PAGINA 4,DIST18,M,1.610,0.100,0.100,1.624,0.015,0.000
SER_235338AAA517269.PDF,PAGINA 4,DIST19,M,1.100,0.100,0.100,1.101,0.001,0.000
SER_235338AAA517269.PDF,PAGINA 4,DIST47,M,1.600,0.100,0.100,1.624,0.024,0.000
SER_235338AAA517269.PDF,PAGINA 4,DIST2O,M,2.050,0.150,0.150,2.071,0.020,0.000
SER_235338AAA517269.PDF,PAGINA 5,DIST21,M,1.600,0.100,0.100,1.666,0.066,0.000
SER_235338AAA517269.PDF,PAGINA 5,DIST21,M,1.610,0.100,0.100,1.666,0.056,0.000
SER_235338AAA517269.PDF,PAGINA 5,DIST38,M,1.100,0.100,0.100,1.098,-0.002,0.000
SER_235338AAA517269.PDF,PAGINA 5,DIST22,M,2.000,0.100,0.100,2.033,0.033,0.000
SER_235338AAA517269.PDF,PAGINA 5,DIST23,M,2.000,0.100,0.100,1.969,-0.031,0.000
SER_235338AAA517269.PDF,PAGINA 5,DIST24,M,1.610,0.100,0.100,1.649,0.038,0.000
SER_235338AAA517269.PDF,PAGINA 5,DIST25,M,1.100,0.100,0.100,1.117,0.017,0.000
SER_235338AAA517269.PDF,PAGINA 5,DIST41,M,1.100,0.100,0.100,1.109,0.009,0.000
SER_235338AAA517269.PDF,PAGINA 5,DIST44,M,1.600,0.100,0.100,1.641,0.041,0.000
SER_235338AAA517269.PDF,PAGINA 6,DIST44,M,1.610,0.100,0.100,1.641,0.031,0.000
SER_235338AAA517269.PDF,PAGINA 6,DIST26,M,2.050,0.150,0.150,2.050,0.000,0.000
SER_235338AAA517269.PDF,PAGINA 6,DIST12,M,1.100,0.100,0.100,1.115,0.015,0.000
SER_235338AAA517269.PDF,PAGINA 6,DIST15,M,6.800,0.100,0.100,6.844,0.044,0.000
SER_235338AAA517269.PDF,PAGINA 6,DIST31,M,6.800,0.100,0.100,6.853,-0.053,0.000
SER_235338AAA517269.PDF,PAGINA 6,DIST34,M,1.000,0.100,0.100,0.992,-0.008,0.000
SER_235338AAA517269.PDF,PAGINA 6,DIST35,M,1.000,0.100,0.100,0.987,-0.013,0.000
SER_235338AAA517270.PDF,PAGINA 1,DIST1,M,4.000,0.100,0.100,4.048,0.048,0.000
SER_235338AAA517270.PDF,PAGINA 1,DIST2,M,1.000,0.100,0.100,1.004,0.004,0.000
SER_235338AAA517270.PDF,PAGINA 1,FCFPROF1,Z,1,0.051,0.092,0.348,0.000,0.000
SER_235338AAA517270.PDF,PAGINA 1,FCFPROF2,Z,1,0.130,0.035,0.055,0.000,0.000
SER_235338AAA517270.PDF,PAGINA 1,LOCZ,R,283.850,0.050,0.050,283.849,-0.001,0.000
SER_235338AAA517270.PDF,PAGINA 1,DIST3,M,1.000,0.100,0.100,1.012,0.012,0.000
SER_235338AAA517270.PDF,PAGINA 2,DIST4,M,4.000,0.100,0.100,4.054,0.054,0.000
SER_235338AAA517270.PDF,PAGINA 2,FCFPROF3,Z,1,0.661,0.117,0.011,0.000,0.000
SER_235338AAA517270.PDF,PAGINA 2,FCFPROF4,Z,1,0.113,0.036,0.149,0.000,0.000
SER_235338AAA517270.PDF,PAGINA 2,DISTS,M,7.200,0.100,0.100,7.273,0.073,0.000
SER_235338AAA517270.PDF,PAGINA 3,DIST16,M,7.200,0.100,0.100,7.289,0.089,0.000
SER_235338AAA517270.PDF,PAGINA 3,FCFPROFZ,Z,1,0.675,0.282,0.886,0.000,0.000
SER_235338AAA517270.PDF,PAGINA 3,FCFPROF8,Z,1,0.030,0.003,0.112,0.000,0.000
SER_235338AAA517270.PDF,PAGINA 3,DIST8,M,1.000,0.100,0.100,1.018,0.018,0.000
SER_235338AAA517270.PDF,PAGINA 3,LOC16,X,-1.000,0.100,0.100,-1.112,-0.112,0.012
SER_235338AAA517270.PDF,PAGINA 3,LOC19,R,3.000,0.150,0.150,2.938,-0.062,0.000
SER_235338AAA517270.PDF,PAGINA 3,LOC2O,R,3.000,0.150,0.150,2.983,-0.017,0.000
SER_235338AAA517270.PDF,PAGINA 4,LOC21,R,3.000,0.150,0.150,2.955,-0.045,0.000
SER_235338AAA517270.PDF,PAGINA 4,LOC22,R,3.000,0.150,0.150,2.974,-0.026,0.000
SER_235338AAA517270.PDF,PAGINA 4,LOC23,R,3.000,0.150,0.150,2.937,-0.063,0.000
SER_235338AAA517270.PDF,PAGINA 4,LOC24,R,3.000,0.150,0.150,2.997,-0.003,0.000
SER_235338AAA517270.PDF,PAGINA 4,DIST9,M,3.050,0.100,0.100,3.098,0.048,0.000
SER_235338AAA517270.PDF,PAGINA 4,DIST1O,M,6.850,0.100,0.100,6.855,0.005,0.000
SER_235338AAA517270.PDF,PAGINA 4,DIST11,M,3.050,0.100,0.100,3.086,0.036,0.000
SER_235338AAA517270.PDF,PAGINA 4,DIST17,M,6.850,0.100,0.100,6.835,-0.015,0.000
SER_235338AAA517270.PDF,PAGINA 4,DIST18,M,1.610,0.100,0.100,1.625,0.016,0.000
SER_235338AAA517270.PDF,PAGINA 4,DIST19,M,1.100,0.100,0.100,1.102,0.002,0.000
SER_235338AAA517270.PDF,PAGINA 4,DIST47,M,1.600,0.100,0.100,1.625,0.025,0.000
SER_235338AAA517270.PDF,PAGINA 4,DIST2O,M,2.050,0.150,0.150,2.087,0.037,0.000
SER_235338AAA517270.PDF,PAGINA 5,DIST21,M,1.600,0.100,0.100,1.648,0.048,0.000
SER_235338AAA517270.PDF,PAGINA 5,DIST21,M,1.610,0.100,0.100,1.648,0.038,0.000
SER_235338AAA517270.PDF,PAGINA 5,DIST38,M,1.100,0.100,0.100,1.099,-0.001,0.000
SER_235338AAA517270.PDF,PAGINA 5,DIST22,M,2.000,0.100,0.100,2.027,0.028,0.000
SER_235338AAA517270.PDF,PAGINA 5,DIST23,M,2.000,0.100,0.100,1.963,-0.037,0.000
SER_235338AAA517270.PDF,PAGINA 5,DIST24,M,1.610,0.100,0.100,1.626,0.015,0.000
SER_235338AAA517270.PDF,PAGINA 5,DIST25,M,1.100,0.100,0.100,1.122,0.021,0.000
SER_235338AAA517270.PDF,PAGINA 5,DIST41,M,1.100,0.100,0.100,1.117,0.017,0.000
SER_235338AAA517270.PDF,PAGINA 5,DIST44,M,1.600,0.100,0.100,1.621,0.021,0.000
SER_235338AAA517270.PDF,PAGINA 6,DIST44,M,1.610,0.100,0.100,1.621,0.011,0.000
SER_235338AAA517270.PDF,PAGINA 6,DIST26,M,2.050,0.150,0.150,2.032,-0.018,0.000
SER_235338AAA517270.PDF,PAGINA 6,DIST12,M,1.100,0.100,0.100,1.088,-0.012,0.000
SER_235338AAA517270.PDF,PAGINA 6,DIST15,M,6.800,0.100,0.100,6.850,0.050,0.000
SER_235338AAA517270.PDF,PAGINA 6,DIST31,M,6.800,0.100,0.100,6.816,-0.016,0.000
SER_235338AAA517270.PDF,PAGINA 6,DIST34,M,1.000,0.100,0.100,1.007,0.007,0.000
SER_235338AAA517270.PDF,PAGINA 6,DIST35,M,1.000,0.100,0.100,0.999,-0.001,0.000
SER_235338AAA517271.PDF,PAGINA 1,DIST1,M,4.000,0.100,0.100,4.053,0.053,0.000
SER_235338AAA517271.PDF,PAGINA 1,DIST2,M,1.000,0.100,0.100,1.007,0.007,0.000
SER_235338AAA517271.PDF,PAGINA 1,FCFPROF1,Z,1,1.074,0.424,0.207,0.000,0.000
SER_235338AAA517271.PDF,PAGINA 1,FCFPROF2,Z,1,-0.474,-0.172,0.102,0.000,0.000
SER_235338AAA517271.PDF,PAGINA 1,LOCZ,R,283.850,0.050,0.050,283.837,-0.013,0.000
SER_235338AAA517271.PDF,PAGINA 1,DIST3,M,1.000,0.100,0.100,1.010,0.010,0.000
SER_235338AAA517271.PDF,PAGINA 2,DIST4,M,4.000,0.100,0.100,4.054,0.054,0.000
SER_235338AAA517271.PDF,PAGINA 2,FCFPROF3,Z,1,-0.768,-0.139,0.039,0.000,0.000
SER_235338AAA517271.PDF,PAGINA 2,FCFPROF4,Z,1,2.562,0.462,0.043,0.000,0.000
SER_235338AAA517271.PDF,PAGINA 2,DISTS,M,7.200,0.100,0.100,7.274,0.074,0.000
SER_235338AAA517271.PDF,PAGINA 3,DIST16,M,7.200,0.100,0.100,7.289,0.089,0.000
SER_235338AAA517271.PDF,PAGINA 3,FCFPROFZ,Z,1,0.000,-0.168,0.794,0.000,0.000
SER_235338AAA517271.PDF,PAGINA 3,FCFPROF8,Z,1,0.000,0.022,0.168,0.000,0.000
SER_235338AAA517271.PDF,PAGINA 3,DIST8,M,1.000,0.100,0.100,1.010,0.010,0.000
SER_235338AAA517271.PDF,PAGINA 3,LOC16,X,-1.000,0.100,0.100,-1.101,-0.101,0.001
SER_235338AAA517271.PDF,PAGINA 3,LOC19,R,3.000,0.150,0.150,2.943,-0.057,0.000
SER_235338AAA517271.PDF,PAGINA 3,LOC2O,R,3.000,0.150,0.150,3.009,0.009,0.000
SER_235338AAA517271.PDF,PAGINA 4,LOC21,R,3.000,0.150,0.150,2.946,-0.054,0.000
SER_235338AAA517271.PDF,PAGINA 4,LOC22,R,3.000,0.150,0.150,2.979,-0.021,0.000
SER_235338AAA517271.PDF,PAGINA 4,LOC23,R,3.000,0.150,0.150,2.938,-0.062,0.000
SER_235338AAA517271.PDF,PAGINA 4,LOC24,R,3.000,0.150,0.150,3.001,0.001,0.000
SER_235338AAA517271.PDF,PAGINA 4,DIST9,M,3.050,0.100,0.100,3.099,0.049,0.000
SER_235338AAA517271.PDF,PAGINA 4,DIST1O,M,6.850,0.100,0.100,6.855,0.005,0.000
SER_235338AAA517271.PDF,PAGINA 4,DIST11,M,3.050,0.100,0.100,3.092,0.042,0.000
SER_235338AAA517271.PDF,PAGINA 4,DIST17,M,6.850,0.100,0.100,6.856,0.006,0.000
SER_235338AAA517271.PDF,PAGINA 4,DIST18,M,1.610,0.100,0.100,1.631,0.022,0.000
SER_235338AAA517271.PDF,PAGINA 4,DIST19,M,1.100,0.100,0.100,1.105,0.005,0.000
SER_235338AAA517271.PDF,PAGINA 4,DIST47,M,1.600,0.100,0.100,1.631,0.031,0.000
SER_235338AAA517271.PDF,PAGINA 4,DIST2O,M,2.050,0.150,0.150,2.082,0.032,0.000
SER_235338AAA517271.PDF,PAGINA 5,DIST21,M,1.600,0.100,0.100,1.655,0.055,0.000
SER_235338AAA517271.PDF,PAGINA 5,DIST21,M,1.610,0.100,0.100,1.655,0.045,0.000
SER_235338AAA517271.PDF,PAGINA 5,DIST38,M,1.100,0.100,0.100,1.097,-0.003,0.000
SER_235338AAA517271.PDF,PAGINA 5,DIST22,M,2.000,0.100,0.100,2.014,0.014,0.000
SER_235338AAA517271.PDF,PAGINA 5,DIST23,M,2.000,0.100,0.100,1.988,-0.012,0.000
SER_235338AAA517271.PDF,PAGINA 5,DIST24,M,1.610,0.100,0.100,1.624,0.014,0.000
SER_235338AAA517271.PDF,PAGINA 5,DIST25,M,1.100,0.100,0.100,1.121,0.021,0.000
SER_235338AAA517271.PDF,PAGINA 5,DIST41,M,1.100,0.100,0.100,1.115,0.014,0.000
SER_235338AAA517271.PDF,PAGINA 5,DIST44,M,1.600,0.100,0.100,1.618,0.018,0.000
SER_235338AAA517271.PDF,PAGINA 6,DIST44,M,1.610,0.100,0.100,1.618,0.008,0.000
SER_235338AAA517271.PDF,PAGINA 6,DIST26,M,2.050,0.150,0.150,2.073,0.023,0.000
SER_235338AAA517271.PDF,PAGINA 6,DIST12,M,1.100,0.100,0.100,1.102,0.002,0.000
SER_235338AAA517271.PDF,PAGINA 6,DIST15,M,6.800,0.100,0.100,6.851,0.051,0.000
SER_235338AAA517271.PDF,PAGINA 6,DIST31,M,6.800,0.100,0.100,6.847,-0.047,0.000
SER_235338AAA517271.PDF,PAGINA 6,DIST34,M,1.000,0.100,0.100,0.989,-0.011,0.000
SER_235338AAA517271.PDF,PAGINA 6,DIST35,M,1.000,0.100,0.100,0.988,-0.012,0.000
SER_235338AAA517272.PDF,PAGINA 1,DIST1,M,4.000,0.100,0.100,4.055,0.055,0.000
SER_235338AAA517272.PDF,PAGINA 1,DIST2,M,1.000,0.100,0.100,1.019,0.019,0.000
SER_235338AAA517272.PDF,PAGINA 1,FCFPROF1,Z,1,0.361,0.188,0.295,0.000,0.000
SER_235338AAA517272.PDF,PAGINA 1,FCFPROF2,Z,1,-0.035,-0.037,0.107,0.000,0.000
SER_235338AAA517272.PDF,PAGINA 1,LOCZ,R,283.850,0.050,0.050,283.814,-0.036,0.000
SER_235338AAA517272.PDF,PAGINA 1,DIST3,M,1.000,0.100,0.100,1.007,0.007,0.000
SER_235338AAA517272.PDF,PAGINA 2,DIST4,M,4.000,0.100,0.100,4.059,0.059,0.000
SER_235338AAA517272.PDF,PAGINA 2,FCFPROF3,Z,1,0.183,0.028,0.051,0.000,0.000
SER_235338AAA517272.PDF,PAGINA 2,FCFPROF4,Z,1,0.999,0.186,0.094,0.000,0.000
SER_235338AAA517272.PDF,PAGINA 2,DISTS,M,7.200,0.100,0.100,7.280,0.080,0.000
SER_235338AAA517272.PDF,PAGINA 3,DIST16,M,7.200,0.100,0.100,7.292,0.092,0.000
SER_235338AAA517272.PDF,PAGINA 3,FCFPROFZ,Z,1,0.000,-0.200,1.061,0.000,0.000
SER_235338AAA517272.PDF,PAGINA 3,FCFPROF8,Z,1,0.000,0.027,0.111,0.000,0.000
SER_235338AAA517272.PDF,PAGINA 3,DIST8,M,1.000,0.100,0.100,1.022,0.022,0.000
SER_235338AAA517272.PDF,PAGINA 3,LOC16,X,-1.000,0.100,0.100,-1.126,-0.126,0.026
SER_235338AAA517272.PDF,PAGINA 3,LOC19,R,3.000,0.150,0.150,2.942,-0.058,0.000
SER_235338AAA517272.PDF,PAGINA 3,LOC2O,R,3.000,0.150,0.150,2.975,-0.025,0.000
SER_235338AAA517272.PDF,PAGINA 4,LOC21,R,3.000,0.150,0.150,2.942,-0.058,0.000
SER_235338AAA517272.PDF,PAGINA 4,LOC22,R,3.000,0.150,0.150,2.973,-0.027,0.000
SER_235338AAA517272.PDF,PAGINA 4,LOC23,R,3.000,0.150,0.150,2.931,-0.069,0.000
SER_235338AAA517272.PDF,PAGINA 4,LOC24,R,3.000,0.150,0.150,2.984,-0.016,0.000
SER_235338AAA517272.PDF,PAGINA 4,DIST9,M,3.050,0.100,0.100,3.094,0.044,0.000
SER_235338AAA517272.PDF,PAGINA 4,DIST1O,M,6.850,0.100,0.100,6.846,-0.004,0.000
SER_235338AAA517272.PDF,PAGINA 4,DIST11,M,3.050,0.100,0.100,3.101,0.051,0.000
SER_235338AAA517272.PDF,PAGINA 4,DIST17,M,6.850,0.100,0.100,6.857,0.007,0.000
SER_235338AAA517272.PDF,PAGINA 4,DIST18,M,1.610,0.100,0.100,1.620,0.011,0.000
SER_235338AAA517272.PDF,PAGINA 4,DIST19,M,1.100,0.100,0.100,1.100,0.001,0.000
SER_235338AAA517272.PDF,PAGINA 4,DIST47,M,1.600,0.100,0.100,1.620,0.020,0.000
SER_235338AAA517272.PDF,PAGINA 4,DIST2O,M,2.050,0.150,0.150,2.081,0.030,0.000
SER_235338AAA517272.PDF,PAGINA 5,DIST21,M,1.600,0.100,0.100,1.664,0.064,0.000
SER_235338AAA517272.PDF,PAGINA 5,DIST21,M,1.610,0.100,0.100,1.664,0.054,0.000
SER_235338AAA517272.PDF,PAGINA 5,DIST38,M,1.100,0.100,0.100,1.098,-0.002,0.000
SER_235338AAA517272.PDF,PAGINA 5,DIST22,M,2.000,0.100,0.100,2.029,0.029,0.000
SER_235338AAA517272.PDF,PAGINA 5,DIST23,M,2.000,0.100,0.100,1.965,-0.035,0.000
SER_235338AAA517272.PDF,PAGINA 5,DIST24,M,1.610,0.100,0.100,1.629,0.018,0.000
SER_235338AAA517272.PDF,PAGINA 5,DIST25,M,1.100,0.100,0.100,1.117,0.016,0.000
SER_235338AAA517272.PDF,PAGINA 5,DIST41,M,1.100,0.100,0.100,1.110,0.010,0.000
SER_235338AAA517272.PDF,PAGINA 5,DIST44,M,1.600,0.100,0.100,1.622,0.022,0.000
SER_235338AAA517272.PDF,PAGINA 6,DIST44,M,1.610,0.100,0.100,1.622,0.012,0.000
SER_235338AAA517272.PDF,PAGINA 6,DIST26,M,2.050,0.150,0.150,2.051,0.001,0.000
SER_235338AAA517272.PDF,PAGINA 6,DIST12,M,1.100,0.100,0.100,1.099,-0.001,0.000
SER_235338AAA517272.PDF,PAGINA 6,DIST15,M,6.800,0.100,0.100,6.854,0.054,0.000
SER_235338AAA517272.PDF,PAGINA 6,DIST31,M,6.800,0.100,0.100,6.849,-0.049,0.000
SER_235338AAA517272.PDF,PAGINA 6,DIST34,M,1.000,0.100,0.100,1.003,0.003,0.000
SER_235338AAA517272.PDF,PAGINA 6,DIST35,M,1.000,0.100,0.100,0.996,-0.004,0.000
SER_235338AAA517273.PDF,PAGINA 1,DIST1,M,4.000,0.100,0.100,4.054,0.054,0.000
SER_235338AAA517273.PDF,PAGINA 1,DIST2,M,1.000,0.100,0.100,0.998,-0.002,0.000
SER_235338AAA517273.PDF,PAGINA 1,FCFPROF1,Z,1,0.610,0.271,0.256,0.000,0.000
SER_235338AAA517273.PDF,PAGINA 1,FCFPROF2,Z,1,0.013,-0.029,0.129,0.000,0.000
SER_235338AAA517273.PDF,PAGINA 1,LOCZ,R,283.850,0.050,0.050,283.839,-0.011,0.000
SER_235338AAA517273.PDF,PAGINA 1,DIST3,M,1.000,0.100,0.100,0.996,-0.004,0.000
SER_235338AAA517273.PDF,PAGINA 2,DIST4,M,4.000,0.100,0.100,4.059,0.059,0.000
SER_235338AAA517273.PDF,PAGINA 2,FCFPROF3,Z,1,0.233,0.032,0.064,0.000,0.000
SER_235338AAA517273.PDF,PAGINA 2,FCFPROF4,Z,1,0.192,0.044,0.101,0.000,0.000
SER_235338AAA517273.PDF,PAGINA 2,DISTS,M,7.200,0.100,0.100,7.282,0.082,0.000
SER_235338AAA517273.PDF,PAGINA 3,DIST16,M,7.200,0.100,0.100,7.296,0.096,0.000
SER_235338AAA517273.PDF,PAGINA 3,FCFPROFZ,Z,1,0.000,-0.177,0.843,0.000,0.000
SER_235338AAA517273.PDF,PAGINA 3,FCFPROF8,Z,1,0.000,0.026,0.181,0.000,0.000
SER_235338AAA517273.PDF,PAGINA 3,DIST8,M,1.000,0.100,0.100,1.011,0.011,0.000
SER_235338AAA517273.PDF,PAGINA 3,LOC16,X,-1.000,0.100,0.100,-1.100,-0.100,0.000
SER_235338AAA517273.PDF,PAGINA 3,LOC19,R,3.000,0.150,0.150,2.940,-0.060,0.000
SER_235338AAA517273.PDF,PAGINA 3,LOC2O,R,3.000,0.150,0.150,2.997,-0.003,0.000
SER_235338AAA517273.PDF,PAGINA 4,LOC21,R,3.000,0.150,0.150,2.949,-0.051,0.000
SER_235338AAA517273.PDF,PAGINA 4,LOC22,R,3.000,0.150,0.150,2.960,-0.040,0.000
SER_235338AAA517273.PDF,PAGINA 4,LOC23,R,3.000,0.150,0.150,2.941,-0.059,0.000
SER_235338AAA517273.PDF,PAGINA 4,LOC24,R,3.000,0.150,0.150,2.990,-0.010,0.000
SER_235338AAA517273.PDF,PAGINA 4,DIST9,M,3.050,0.100,0.100,3.095,0.045,0.000
SER_235338AAA517273.PDF,PAGINA 4,DIST1O,M,6.850,0.100,0.100,6.856,0.006,0.000
SER_235338AAA517273.PDF,PAGINA 4,DIST11,M,3.050,0.100,0.100,3.106,0.056,0.000
SER_235338AAA517273.PDF,PAGINA 4,DIST17,M,6.850,0.100,0.100,6.865,0.015,0.000
SER_235338AAA517273.PDF,PAGINA 4,DIST18,M,1.610,0.100,0.100,1.636,0.027,0.000
SER_235338AAA517273.PDF,PAGINA 4,DIST19,M,1.100,0.100,0.100,1.094,-0.006,0.000
SER_235338AAA517273.PDF,PAGINA 4,DIST47,M,1.600,0.100,0.100,1.636,0.036,0.000
SER_235338AAA517273.PDF,PAGINA 4,DIST2O,M,2.050,0.150,0.150,2.088,0.038,0.000
SER_235338AAA517273.PDF,PAGINA 5,DIST21,M,1.600,0.100,0.100,1.665,0.065,0.000
SER_235338AAA517273.PDF,PAGINA 5,DIST21,M,1.610,0.100,0.100,1.665,0.055,0.000
SER_235338AAA517273.PDF,PAGINA 5,DIST38,M,1.100,0.100,0.100,1.095,-0.005,0.000
SER_235338AAA517273.PDF,PAGINA 5,DIST22,M,2.000,0.100,0.100,1.997,-0.002,0.000
SER_235338AAA517273.PDF,PAGINA 5,DIST23,M,2.000,0.100,0.100,1.993,-0.007,0.000
SER_235338AAA517273.PDF,PAGINA 5,DIST24,M,1.610,0.100,0.100,1.625,0.014,0.000
SER_235338AAA517273.PDF,PAGINA 5,DIST25,M,1.100,0.100,0.100,1.113,0.012,0.000
SER_235338AAA517273.PDF,PAGINA 5,DIST41,M,1.100,0.100,0.100,1.106,0.005,0.000
SER_235338AAA517273.PDF,PAGINA 5,DIST44,M,1.600,0.100,0.100,1.618,0.018,0.000
SER_235338AAA517273.PDF,PAGINA 6,DIST44,M,1.610,0.100,0.100,1.618,0.008,0.000
SER_235338AAA517273.PDF,PAGINA 6,DIST26,M,2.050,0.150,0.150,2.067,0.017,0.000
SER_235338AAA517273.PDF,PAGINA 6,DIST12,M,1.100,0.100,0.100,1.105,0.005,0.000
SER_235338AAA517273.PDF,PAGINA 6,DIST15,M,6.800,0.100,0.100,6.848,0.048,0.000
SER_235338AAA517273.PDF,PAGINA 6,DIST31,M,6.800,0.100,0.100,6.866,-0.066,0.000
SER_235338AAA517273.PDF,PAGINA 6,DIST34,M,1.000,0.100,0.100,0.997,-0.003,0.000
SER_235338AAA517273.PDF,PAGINA 6,DIST35,M,1.000,0.100,0.100,0.989,-0.011,0.000
SER_235338AAA517274.PDF,PAGINA 1,DIST1,M,4.000,0.100,0.100,4.054,0.054,0.000
SER_235338AAA517274.PDF,PAGINA 1,DIST2,M,1.000,0.100,0.100,1.010,0.010,0.000
SER_235338AAA517274.PDF,PAGINA 1,FCFPROF1,Z,1,0.020,0.055,0.234,0.000,0.000
SER_235338AAA517274.PDF,PAGINA 1,FCFPROF2,Z,1,-0.473,-0.180,0.146,0.000,0.000
SER_235338AAA517274.PDF,PAGINA 1,LOCZ,R,283.850,0.050,0.050,283.875,0.025,0.000
SER_235338AAA517274.PDF,PAGINA 1,DIST3,M,1.000,0.100,0.100,1.005,0.005,0.000
SER_235338AAA517274.PDF,PAGINA 2,DIST4,M,4.000,0.100,0.100,4.059,0.059,0.000
SER_235338AAA517274.PDF,PAGINA 2,FCFPROF3,Z,1,-0.692,-0.125,0.046,0.000,0.000
SER_235338AAA517274.PDF,PAGINA 2,FCFPROF4,Z,1,2.408,0.436,0.053,0.000,0.000
SER_235338AAA517274.PDF,PAGINA 2,DISTS,M,7.200,0.100,0.100,7.285,0.085,0.000
SER_235338AAA517274.PDF,PAGINA 3,DIST16,M,7.200,0.100,0.100,7.298,0.099,0.000
SER_235338AAA517274.PDF,PAGINA 3,FCFPROFZ,Z,1,0.000,-0.189,0.693,0.000,0.000
SER_235338AAA517274.PDF,PAGINA 3,FCFPROF8,Z,1,0.000,0.072,0.410,0.000,0.000
SER_235338AAA517274.PDF,PAGINA 3,DIST8,M,1.000,0.100,0.100,0.998,-0.002,0.000
SER_235338AAA517274.PDF,PAGINA 3,LOC19,R,3.000,0.150,0.150,2.947,-0.053,0.000
SER_235338AAA517274.PDF,PAGINA 3,LOC2O,R,3.000,0.150,0.150,2.987,-0.013,0.000
SER_235338AAA517274.PDF,PAGINA 4,LOC21,R,3.000,0.150,0.150,2.944,-0.056,0.000
SER_235338AAA517274.PDF,PAGINA 4,LOC22,R,3.000,0.150,0.150,2.976,-0.024,0.000
SER_235338AAA517274.PDF,PAGINA 4,LOC23,R,3.000,0.150,0.150,2.932,-0.068,0.000
SER_235338AAA517274.PDF,PAGINA 4,LOC24,R,3.000,0.150,0.150,2.980,-0.020,0.000
SER_235338AAA517274.PDF,PAGINA 4,DIST9,M,3.050,0.100,0.100,3.082,0.032,0.000
SER_235338AAA517274.PDF,PAGINA 4,DIST1O,M,6.850,0.100,0.100,6.835,-0.015,0.000
SER_235338AAA517274.PDF,PAGINA 4,DIST11,M,3.050,0.100,0.100,3.077,0.027,0.000
SER_235338AAA517274.PDF,PAGINA 4,DIST17,M,6.850,0.100,0.100,6.829,-0.021,0.000
SER_235338AAA517274.PDF,PAGINA 4,DIST18,M,1.610,0.100,0.100,1.617,0.008,0.000
SER_235338AAA517274.PDF,PAGINA 4,DIST19,M,1.100,0.100,0.100,1.076,-0.023,0.000
SER_235338AAA517274.PDF,PAGINA 4,DIST47,M,1.600,0.100,0.100,1.617,0.017,0.000
SER_235338AAA517274.PDF,PAGINA 4,DIST2O,M,2.050,0.150,0.150,2.060,0.010,0.000
SER_235338AAA517274.PDF,PAGINA 5,DIST21,M,1.600,0.100,0.100,1.642,0.042,0.000
SER_235338AAA517274.PDF,PAGINA 5,DIST21,M,1.610,0.100,0.100,1.642,0.032,0.000
SER_235338AAA517274.PDF,PAGINA 5,DIST38,M,1.100,0.100,0.100,1.073,-0.027,0.000
SER_235338AAA517274.PDF,PAGINA 5,DIST22,M,2.000,0.100,0.100,2.003,0.003,0.000
SER_235338AAA517274.PDF,PAGINA 5,DIST23,M,2.000,0.100,0.100,2.007,0.006,0.000
SER_235338AAA517274.PDF,PAGINA 5,DIST24,M,1.610,0.100,0.100,1.611,0.001,0.000
SER_235338AAA517274.PDF,PAGINA 5,DIST25,M,1.100,0.100,0.100,1.099,-0.001,0.000
SER_235338AAA517274.PDF,PAGINA 5,DIST41,M,1.100,0.100,0.100,1.091,-0.009,0.000
SER_235338AAA517274.PDF,PAGINA 5,DIST44,M,1.600,0.100,0.100,1.603,0.003,0.000
SER_235338AAA517274.PDF,PAGINA 6,DIST44,M,1.610,0.100,0.100,1.603,-0.007,0.000
SER_235338AAA517274.PDF,PAGINA 6,DIST26,M,2.050,0.150,0.150,2.061,0.011,0.000
SER_235338AAA517274.PDF,PAGINA 6,DIST12,M,1.100,0.100,0.100,1.077,-0.023,0.000
SER_235338AAA517274.PDF,PAGINA 6,DIST15,M,6.800,0.100,0.100,6.837,0.037,0.000
SER_235338AAA517274.PDF,PAGINA 6,DIST31,M,6.800,0.100,0.100,6.836,-0.036,0.000
SER_235338AAA517274.PDF,PAGINA 6,DIST34,M,1.000,0.100,0.100,0.986,-0.014,0.000
SER_235338AAA517274.PDF,PAGINA 6,DIST35,M,1.000,0.100,0.100,0.977,-0.023,0.000
SER_235338AAA517275.PDF,PAGINA 1,DIST1,M,4.000,0.100,0.100,4.055,0.055,0.000
SER_235338AAA517275.PDF,PAGINA 1,DIST2,M,1.000,0.100,0.100,1.017,0.017,0.000
SER_235338AAA517275.PDF,PAGINA 1,FCFPROF1,Z,1,0.091,0.058,0.167,0.000,0.000
SER_235338AAA517275.PDF,PAGINA 1,FCFPROF2,Z,1,-2.195,-0.713,0.087,0.000,0.000
SER_235338AAA517275.PDF,PAGINA 1,LOCZ,R,283.850,0.050,0.050,283.833,-0.017,0.000
SER_235338AAA517275.PDF,PAGINA 1,DIST3,M,1.000,0.100,0.100,1.008,0.008,0.000
SER_235338AAA517275.PDF,PAGINA 2,DIST4,M,4.000,0.100,0.100,4.062,0.062,0.000
SER_235338AAA517275.PDF,PAGINA 2,FCFPROF3,Z,1,-1.284,-0.232,0.048,0.000,0.000
SER_235338AAA517275.PDF,PAGINA 2,FCFPROF4,Z,1,-0.029,0.002,0.088,0.000,0.000
SER_235338AAA517275.PDF,PAGINA 2,DISTS,M,7.200,0.100,0.100,7.212,0.012,0.000
SER_235338AAA517275.PDF,PAGINA 3,DIST16,M,7.200,0.100,0.100,7.227,0.027,0.000
SER_235338AAA517275.PDF,PAGINA 3,FCFPROFZ,Z,1,0.000,-0.080,0.344,0.000,0.000
SER_235338AAA517275.PDF,PAGINA 3,FCFPROF8,Z,1,0.282,-0.020,0.035,0.000,0.000
SER_235338AAA517275.PDF,PAGINA 3,DIST8,M,1.000,0.100,0.100,1.003,0.003,0.000
SER_235338AAA517275.PDF,PAGINA 3,LOC19,R,3.000,0.150,0.150,2.950,-0.050,0.000
SER_235338AAA517275.PDF,PAGINA 3,LOC2O,R,3.000,0.150,0.150,2.974,-0.026,0.000
SER_235338AAA517275.PDF,PAGINA 4,LOC21,R,3.000,0.150,0.150,2.976,-0.024,0.000
SER_235338AAA517275.PDF,PAGINA 4,LOC22,R,3.000,0.150,0.150,2.972,-0.028,0.000
SER_235338AAA517275.PDF,PAGINA 4,LOC23,R,3.000,0.150,0.150,2.944,-0.056,0.000
SER_235338AAA517275.PDF,PAGINA 4,LOC24,R,3.000,0.150,0.150,2.984,-0.016,0.000
SER_235338AAA517275.PDF,PAGINA 4,DIST9,M,3.050,0.100,0.100,3.100,0.050,0.000
SER_235338AAA517275.PDF,PAGINA 4,DIST1O,M,6.850,0.100,0.100,6.848,-0.002,0.000
SER_235338AAA517275.PDF,PAGINA 4,DIST11,M,3.050,0.100,0.100,3.101,0.051,0.000
SER_235338AAA517275.PDF,PAGINA 4,DIST17,M,6.850,0.100,0.100,6.849,-0.001,0.000
SER_235338AAA517275.PDF,PAGINA 4,DIST18,M,1.610,0.100,0.100,1.636,0.026,0.000
SER_235338AAA517275.PDF,PAGINA 4,DIST19,M,1.100,0.100,0.100,1.095,-0.005,0.000
SER_235338AAA517275.PDF,PAGINA 4,DIST47,M,1.600,0.100,0.100,1.636,0.036,0.000
SER_235338AAA517275.PDF,PAGINA 4,DIST2O,M,2.050,0.150,0.150,2.084,0.034,0.000
SER_235338AAA517275.PDF,PAGINA 5,DIST21,M,1.600,0.100,0.100,1.634,0.034,0.000
SER_235338AAA517275.PDF,PAGINA 5,DIST21,M,1.610,0.100,0.100,1.634,0.024,0.000
SER_235338AAA517275.PDF,PAGINA 5,DIST38,M,1.100,0.100,0.100,1.103,0.003,0.000
SER_235338AAA517275.PDF,PAGINA 5,DIST22,M,2.000,0.100,0.100,2.013,0.013,0.000
SER_235338AAA517275.PDF,PAGINA 5,DIST23,M,2.000,0.100,0.100,2.003,0.003,0.000
SER_235338AAA517275.PDF,PAGINA 5,DIST24,M,1.610,0.100,0.100,1.684,0.074,0.000
SER_235338AAA517275.PDF,PAGINA 5,DIST25,M,1.100,0.100,0.100,1.123,0.023,0.000
SER_235338AAA517275.PDF,PAGINA 5,DIST41,M,1.100,0.100,0.100,1.118,0.017,0.000
SER_235338AAA517275.PDF,PAGINA 5,DIST44,M,1.600,0.100,0.100,1.679,0.079,0.000
SER_235338AAA517275.PDF,PAGINA 6,DIST44,M,1.610,0.100,0.100,1.679,0.069,0.000
SER_235338AAA517275.PDF,PAGINA 6,DIST26,M,2.050,0.150,0.150,2.085,0.035,0.000
SER_235338AAA517275.PDF,PAGINA 6,DIST12,M,1.100,0.100,0.100,1.101,0.001,0.000
SER_235338AAA517275.PDF,PAGINA 6,DIST15,M,6.800,0.100,0.100,6.833,0.033,0.000
SER_235338AAA517275.PDF,PAGINA 6,DIST31,M,6.800,0.100,0.100,6.825,-0.025,0.000
SER_235338AAA517275.PDF,PAGINA 6,DIST34,M,1.000,0.100,0.100,0.998,-0.002,0.000
SER_235338AAA517275.PDF,PAGINA 6,DIST35,M,1.000,0.100,0.100,0.995,-0.005,0.000
SER_235338AAA517276.PDF,PAGINA 1,DIST1,M,4.000,0.100,0.100,4.062,0.062,0.000
SER_235338AAA517276.PDF,PAGINA 1,DIST2,M,1.000,0.100,0.100,1.006,0.006,0.000
SER_235338AAA517276.PDF,PAGINA 1,FCFPROF1,Z,1,0.568,0.239,0.194,0.000,0.000
SER_235338AAA517276.PDF,PAGINA 1,FCFPROF2,Z,1,-0.834,-0.303,0.167,0.000,0.000
SER_235338AAA517276.PDF,PAGINA 1,LOCZ,R,283.850,0.050,0.050,283.841,-0.009,0.000
SER_235338AAA517276.PDF,PAGINA 1,DIST3,M,1.000,0.100,0.100,1.013,0.013,0.000
SER_235338AAA517276.PDF,PAGINA 2,DIST4,M,4.000,0.100,0.100,4.065,0.065,0.000
SER_235338AAA517276.PDF,PAGINA 2,FCFPROF3,Z,1,-1.118,-0.201,0.054,0.000,0.000
SER_235338AAA517276.PDF,PAGINA 2,FCFPROF4,Z,1,0.117,0.029,0.094,0.000,0.000
SER_235338AAA517276.PDF,PAGINA 2,DISTS,M,7.200,0.100,0.100,7.219,0.019,0.000
SER_235338AAA517276.PDF,PAGINA 3,DIST16,M,7.200,0.100,0.100,7.232,0.032,0.000
SER_235338AAA517276.PDF,PAGINA 3,FCFPROFZ,Z,1,0.000,-0.101,0.375,0.000,0.000
SER_235338AAA517276.PDF,PAGINA 3,FCFPROF8,Z,1,0.065,-0.025,0.037,0.000,0.000
SER_235338AAA517276.PDF,PAGINA 3,DIST8,M,1.000,0.100,0.100,1.000,0.000,0.000
SER_235338AAA517276.PDF,PAGINA 3,LOC19,R,3.000,0.150,0.150,2.956,-0.044,0.000
SER_235338AAA517276.PDF,PAGINA 3,LOC2O,R,3.000,0.150,0.150,2.975,-0.025,0.000
SER_235338AAA517276.PDF,PAGINA 4,LOC21,R,3.000,0.150,0.150,2.972,-0.028,0.000
SER_235338AAA517276.PDF,PAGINA 4,LOC22,R,3.000,0.150,0.150,2.970,-0.030,0.000
SER_235338AAA517276.PDF,PAGINA 4,LOC23,R,3.000,0.150,0.150,2.956,-0.044,0.000
SER_235338AAA517276.PDF,PAGINA 4,LOC24,R,3.000,0.150,0.150,2.973,-0.027,0.000
SER_235338AAA517276.PDF,PAGINA 4,DIST9,M,3.050,0.100,0.100,3.093,0.043,0.000
SER_235338AAA517276.PDF,PAGINA 4,DIST1O,M,6.850,0.100,0.100,6.842,-0.008,0.000
SER_235338AAA517276.PDF,PAGINA 4,DIST11,M,3.050,0.100,0.100,3.104,0.054,0.000
SER_235338AAA517276.PDF,PAGINA 4,DIST17,M,6.850,0.100,0.100,6.866,0.016,0.000
SER_235338AAA517276.PDF,PAGINA 4,DIST18,M,1.610,0.100,0.100,1.631,0.022,0.000
SER_235338AAA517276.PDF,PAGINA 4,DIST19,M,1.100,0.100,0.100,1.050,-0.049,0.000
SER_235338AAA517276.PDF,PAGINA 4,DIST47,M,1.600,0.100,0.100,1.631,0.031,0.000
SER_235338AAA517276.PDF,PAGINA 4,DIST2O,M,2.050,0.150,0.150,2.074,0.024,0.000
SER_235338AAA517276.PDF,PAGINA 5,DIST21,M,1.600,0.100,0.100,1.642,0.042,0.000
SER_235338AAA517276.PDF,PAGINA 5,DIST21,M,1.610,0.100,0.100,1.642,0.032,0.000
SER_235338AAA517276.PDF,PAGINA 5,DIST38,M,1.100,0.100,0.100,1.096,-0.004,0.000
SER_235338AAA517276.PDF,PAGINA 5,DIST22,M,2.000,0.100,0.100,2.015,0.015,0.000
SER_235338AAA517276.PDF,PAGINA 5,DIST23,M,2.000,0.100,0.100,2.007,0.007,0.000
SER_235338AAA517276.PDF,PAGINA 5,DIST24,M,1.610,0.100,0.100,1.634,0.024,0.000
SER_235338AAA517276.PDF,PAGINA 5,DIST25,M,1.100,0.100,0.100,1.122,0.021,0.000
SER_235338AAA517276.PDF,PAGINA 5,DIST41,M,1.100,0.100,0.100,1.116,0.016,0.000
SER_235338AAA517276.PDF,PAGINA 5,DIST44,M,1.600,0.100,0.100,1.629,0.029,0.000
SER_235338AAA517276.PDF,PAGINA 6,DIST44,M,1.610,0.100,0.100,1.629,0.019,0.000
SER_235338AAA517276.PDF,PAGINA 6,DIST26,M,2.050,0.150,0.150,2.082,0.032,0.000
SER_235338AAA517276.PDF,PAGINA 6,DIST12,M,1.100,0.100,0.100,1.108,0.008,0.000
SER_235338AAA517276.PDF,PAGINA 6,DIST15,M,6.800,0.100,0.100,6.832,0.032,0.000
SER_235338AAA517276.PDF,PAGINA 6,DIST31,M,6.800,0.100,0.100,6.851,-0.051,0.000
SER_235338AAA517276.PDF,PAGINA 6,DIST34,M,1.000,0.100,0.100,0.992,-0.008,0.000
SER_235338AAA517276.PDF,PAGINA 6,DIST35,M,1.000,0.100,0.100,0.987,-0.013,0.000
SER_235338AAA517277.PDF,PAGINA 1,DIST1,M,4.000,0.100,0.100,4.061,0.061,0.000
SER_235338AAA517277.PDF,PAGINA 1,DIST2,M,1.000,0.100,0.100,1.004,0.004,0.000
SER_235338AAA517277.PDF,PAGINA 1,FCFPROF1,Z,1,1.382,0.527,0.136,0.000,0.000
SER_235338AAA517277.PDF,PAGINA 1,FCFPROF2,Z,1,-2.250,-0.727,0.075,0.000,0.000
SER_235338AAA517277.PDF,PAGINA 1,LOCZ,R,283.850,0.050,0.050,283.838,-0.012,0.000
SER_235338AAA517277.PDF,PAGINA 1,DIST3,M,1.000,0.100,0.100,1.006,0.006,0.000
SER_235338AAA517277.PDF,PAGINA 2,DIST4,M,4.000,0.100,0.100,4.064,0.064,0.000
SER_235338AAA517277.PDF,PAGINA 2,FCFPROF3,Z,1,-0.514,-0.099,0.063,0.000,0.000
SER_235338AAA517277.PDF,PAGINA 2,FCFPROF4,Z,1,0.034,0.015,0.098,0.000,0.000
SER_235338AAA517277.PDF,PAGINA 2,DISTS,M,7.200,0.100,0.100,7.223,0.023,0.000
SER_235338AAA517277.PDF,PAGINA 3,DIST16,M,7.200,0.100,0.100,7.237,0.037,0.000
SER_235338AAA517277.PDF,PAGINA 3,FCFPROFZ,Z,1,0.000,-0.081,0.385,0.000,0.000
SER_235338AAA517277.PDF,PAGINA 3,FCFPROF8,Z,1,1.264,-0.098,0.062,0.000,0.000
SER_235338AAA517277.PDF,PAGINA 3,DIST8,M,1.000,0.100,0.100,1.008,0.008,0.000
SER_235338AAA517277.PDF,PAGINA 3,LOC19,R,3.000,0.150,0.150,2.951,-0.049,0.000
SER_235338AAA517277.PDF,PAGINA 3,LOC2O,R,3.000,0.150,0.150,2.986,-0.014,0.000
SER_235338AAA517277.PDF,PAGINA 4,LOC21,R,3.000,0.150,0.150,2.944,-0.056,0.000
SER_235338AAA517277.PDF,PAGINA 4,LOC22,R,3.000,0.150,0.150,2.978,-0.022,0.000
SER_235338AAA517277.PDF,PAGINA 4,LOC23,R,3.000,0.150,0.150,2.947,-0.053,0.000
SER_235338AAA517277.PDF,PAGINA 4,LOC24,R,3.000,0.150,0.150,2.982,-0.018,0.000
SER_235338AAA517277.PDF,PAGINA 4,DIST9,M,3.050,0.100,0.100,3.097,0.047,0.000
SER_235338AAA517277.PDF,PAGINA 4,DIST1O,M,6.850,0.100,0.100,6.847,-0.003,0.000
SER_235338AAA517277.PDF,PAGINA 4,DIST11,M,3.050,0.100,0.100,3.088,0.038,0.000
SER_235338AAA517277.PDF,PAGINA 4,DIST17,M,6.850,0.100,0.100,6.840,-0.010,0.000
SER_235338AAA517277.PDF,PAGINA 4,DIST18,M,1.610,0.100,0.100,1.633,0.024,0.000
SER_235338AAA517277.PDF,PAGINA 4,DIST19,M,1.100,0.100,0.100,1.093,-0.007,0.000
SER_235338AAA517277.PDF,PAGINA 4,DIST47,M,1.600,0.100,0.100,1.633,0.033,0.000
SER_235338AAA517277.PDF,PAGINA 4,DIST2O,M,2.050,0.150,0.150,2.092,0.042,0.000
SER_235338AAA517277.PDF,PAGINA 5,DIST21,M,1.600,0.100,0.100,1.637,0.037,0.000
SER_235338AAA517277.PDF,PAGINA 5,DIST21,M,1.610,0.100,0.100,1.637,0.027,0.000
SER_235338AAA517277.PDF,PAGINA 5,DIST38,M,1.100,0.100,0.100,1.096,-0.004,0.000
SER_235338AAA517277.PDF,PAGINA 5,DIST22,M,2.000,0.100,0.100,2.016,0.016,0.000
SER_235338AAA517277.PDF,PAGINA 5,DIST23,M,2.000,0.100,0.100,2.001,0.000,0.000
SER_235338AAA517277.PDF,PAGINA 5,DIST24,M,1.610,0.100,0.100,1.640,0.030,0.000
SER_235338AAA517277.PDF,PAGINA 5,DIST25,M,1.100,0.100,0.100,1.121,0.021,0.000
SER_235338AAA517277.PDF,PAGINA 5,DIST41,M,1.100,0.100,0.100,1.114,0.014,0.000
SER_235338AAA517277.PDF,PAGINA 5,DIST44,M,1.600,0.100,0.100,1.633,0.033,0.000
SER_235338AAA517277.PDF,PAGINA 6,DIST44,M,1.610,0.100,0.100,1.633,0.023,0.000
SER_235338AAA517277.PDF,PAGINA 6,DIST26,M,2.050,0.150,0.150,2.083,0.033,0.000
SER_235338AAA517277.PDF,PAGINA 6,DIST12,M,1.100,0.100,0.100,1.097,-0.003,0.000
SER_235338AAA517277.PDF,PAGINA 6,DIST15,M,6.800,0.100,0.100,6.836,0.036,0.000
SER_235338AAA517277.PDF,PAGINA 6,DIST31,M,6.800,0.100,0.100,6.822,-0.022,0.000
SER_235338AAA517277.PDF,PAGINA 6,DIST34,M,1.000,0.100,0.100,0.998,-0.002,0.000
SER_235338AAA517277.PDF,PAGINA 6,DIST35,M,1.000,0.100,0.100,0.998,-0.002,0.000
SER_235338AAA517278.PDF,PAGINA 1,DIST1,M,4.000,0.100,0.100,4.061,0.061,0.000
SER_235338AAA517278.PDF,PAGINA 1,DIST2,M,1.000,0.100,0.100,1.017,0.017,0.000
SER_235338AAA517278.PDF,PAGINA 1,FCFPROF1,Z,1,0.087,0.099,0.332,0.000,0.000
SER_235338AAA517278.PDF,PAGINA 1,FCFPROF2,Z,1,0.024,-0.015,0.139,0.000,0.000
SER_235338AAA517278.PDF,PAGINA 1,LOCZ,R,283.850,0.050,0.050,283.823,-0.027,0.000
SER_235338AAA517278.PDF,PAGINA 1,DIST3,M,1.000,0.100,0.100,1.013,0.013,0.000
SER_235338AAA517278.PDF,PAGINA 2,DIST4,M,4.000,0.100,0.100,4.066,0.066,0.000
SER_235338AAA517278.PDF,PAGINA 2,FCFPROF3,Z,1,-0.015,-0.006,0.048,0.000,0.000
SER_235338AAA517278.PDF,PAGINA 2,FCFPROF4,Z,1,3.174,0.575,0.076,0.000,0.000
SER_235338AAA517278.PDF,PAGINA 2,DISTS,M,7.200,0.100,0.100,7.231,0.031,0.000
SER_235338AAA517278.PDF,PAGINA 3,DIST16,M,7.200,0.100,0.100,7.243,0.043,0.000
SER_235338AAA517278.PDF,PAGINA 3,FCFPROFZ,Z,1,0.000,-0.153,0.747,0.000,0.000
SER_235338AAA517278.PDF,PAGINA 3,FCFPROF8,Z,1,0.000,-0.043,0.194,0.000,0.000
SER_235338AAA517278.PDF,PAGINA 3,DIST8,M,1.000,0.100,0.100,1.017,0.017,0.000
SER_235338AAA517278.PDF,PAGINA 3,LOC19,R,3.000,0.150,0.150,2.950,-0.050,0.000
SER_235338AAA517278.PDF,PAGINA 3,LOC2O,R,3.000,0.150,0.150,2.965,-0.035,0.000
SER_235338AAA517278.PDF,PAGINA 4,LOC21,R,3.000,0.150,0.150,2.961,-0.039,0.000
SER_235338AAA517278.PDF,PAGINA 4,LOC22,R,3.000,0.150,0.150,2.966,-0.034,0.000
SER_235338AAA517278.PDF,PAGINA 4,LOC23,R,3.000,0.150,0.150,2.936,-0.064,0.000
SER_235338AAA517278.PDF,PAGINA 4,LOC24,R,3.000,0.150,0.150,2.971,-0.029,0.000
SER_235338AAA517278.PDF,PAGINA 4,DIST9,M,3.050,0.100,0.100,3.102,0.052,0.000
SER_235338AAA517278.PDF,PAGINA 4,DIST1O,M,6.850,0.100,0.100,6.857,0.007,0.000
SER_235338AAA517278.PDF,PAGINA 4,DIST11,M,3.050,0.100,0.100,3.113,0.063,0.000
SER_235338AAA517278.PDF,PAGINA 4,DIST17,M,6.850,0.100,0.100,6.867,0.017,0.000
SER_235338AAA517278.PDF,PAGINA 4,DIST18,M,1.610,0.100,0.100,1.647,0.037,0.000
SER_235338AAA517278.PDF,PAGINA 4,DIST19,M,1.100,0.100,0.100,1.036,-0.064,0.000
SER_235338AAA517278.PDF,PAGINA 4,DIST47,M,1.600,0.100,0.100,1.647,0.047,0.000
SER_235338AAA517278.PDF,PAGINA 4,DIST2O,M,2.050,0.150,0.150,2.101,0.051,0.000
SER_235338AAA517278.PDF,PAGINA 5,DIST21,M,1.600,0.100,0.100,1.665,0.065,0.000
SER_235338AAA517278.PDF,PAGINA 5,DIST21,M,1.610,0.100,0.100,1.665,0.055,0.000
SER_235338AAA517278.PDF,PAGINA 5,DIST38,M,1.100,0.100,0.100,1.094,-0.006,0.000
SER_235338AAA517278.PDF,PAGINA 5,DIST22,M,2.000,0.100,0.100,2.032,0.032,0.000
SER_235338AAA517278.PDF,PAGINA 5,DIST23,M,2.000,0.100,0.100,1.967,-0.033,0.000
SER_235338AAA517278.PDF,PAGINA 5,DIST24,M,1.610,0.100,0.100,1.645,0.034,0.000
SER_235338AAA517278.PDF,PAGINA 5,DIST25,M,1.100,0.100,0.100,1.116,0.016,0.000
SER_235338AAA517278.PDF,PAGINA 5,DIST41,M,1.100,0.100,0.100,1.109,0.009,0.000
SER_235338AAA517278.PDF,PAGINA 5,DIST44,M,1.600,0.100,0.100,1.638,0.038,0.000
SER_235338AAA517278.PDF,PAGINA 6,DIST44,M,1.610,0.100,0.100,1.638,0.028,0.000
SER_235338AAA517278.PDF,PAGINA 6,DIST26,M,2.050,0.150,0.150,2.070,0.020,0.000
SER_235338AAA517278.PDF,PAGINA 6,DIST12,M,1.100,0.100,0.100,1.114,0.014,0.000
SER_235338AAA517278.PDF,PAGINA 6,DIST15,M,6.800,0.100,0.100,6.843,0.043,0.000
SER_235338AAA517278.PDF,PAGINA 6,DIST31,M,6.800,0.100,0.100,6.866,-0.066,0.000
SER_235338AAA517278.PDF,PAGINA 6,DIST34,M,1.000,0.100,0.100,1.009,0.009,0.000
SER_235338AAA517278.PDF,PAGINA 6,DIST35,M,1.000,0.100,0.100,1.004,0.004,0.000
SER_235338AAA517279.PDF,PAGINA 1,DIST1,M,4.000,0.100,0.100,4.063,0.063,0.000
SER_235338AAA517279.PDF,PAGINA 1,DIST2,M,1.000,0.100,0.100,1.020,0.020,0.000
SER_235338AAA517279.PDF,PAGINA 1,FCFPROF1,Z,1,0.299,0.167,00.284,0.000,0.000
SER_235338AAA517279.PDF,PAGINA 1,FCFPROF2,Z,1,-0.213,-0.102,0.158,0.000,0.000
SER_235338AAA517279.PDF,PAGINA 1,LOCZ,R,283.850,0.050,0.050,283.825,-0.025,0.000
SER_235338AAA517279.PDF,PAGINA 1,DIST3,M,1.000,0.100,0.100,1.015,0.015,0.000
SER_235338AAA517279.PDF,PAGINA 2,DIST4,M,4.000,0.100,0.100,4.067,0.067,0.000
SER_235338AAA517279.PDF,PAGINA 2,FCFPROF3,Z,1,0.013,-0.007,0.051,0.000,0.000
SER_235338AAA517279.PDF,PAGINA 2,FCFPROF4,Z,1,0.075,0.028,0.135,0.000,0.000
SER_235338AAA517279.PDF,PAGINA 2,DISTS,M,7.200,0.100,0.100,7.237,0.037,0.000
SER_235338AAA517279.PDF,PAGINA 3,DIST16,M,7.200,0.100,0.100,7.248,0.048,0.000
SER_235338AAA517279.PDF,PAGINA 3,FCFPROFZ,Z,1,0.000,-0.141,0.785,0.000,0.000
SER_235338AAA517279.PDF,PAGINA 3,FCFPROF8,Z,1,0.000,-0.183,0.066,0.000,0.000
SER_235338AAA517279.PDF,PAGINA 3,DIST8,M,1.000,0.100,0.100,1.019,0.019,0.000
SER_235338AAA517279.PDF,PAGINA 3,LOC19,R,3.000,0.150,0.150,2.950,-0.050,0.000
SER_235338AAA517279.PDF,PAGINA 3,LOC2O,R,3.000,0.150,0.150,2.979,-0.021,0.000
SER_235338AAA517279.PDF,PAGINA 4,LOC21,R,3.000,0.150,0.150,2.955,-0.045,0.000
SER_235338AAA517279.PDF,PAGINA 4,LOC22,R,3.000,0.150,0.150,2.982,-0.018,0.000
SER_235338AAA517279.PDF,PAGINA 4,LOC23,R,3.000,0.150,0.150,2.942,-0.058,0.000
SER_235338AAA517279.PDF,PAGINA 4,LOC24,R,3.000,0.150,0.150,2.975,-0.025,0.000
SER_235338AAA517279.PDF,PAGINA 4,DIST9,M,3.050,0.100,0.100,3.107,0.057,0.000
SER_235338AAA517279.PDF,PAGINA 4,DIST1O,M,6.850,0.100,0.100,6.861,0.011,0.000
SER_235338AAA517279.PDF,PAGINA 4,DIST11,M,3.050,0.100,0.100,3.101,0.051,0.000
SER_235338AAA517279.PDF,PAGINA 4,DIST17,M,6.850,0.100,0.100,6.846,-0.004,0.000
SER_235338AAA517279.PDF,PAGINA 4,DIST18,M,1.610,0.100,0.100,1.643,0.033,0.000
SER_235338AAA517279.PDF,PAGINA 4,DIST19,M,1.100,0.100,0.100,1.099,-0.001,0.000
SER_235338AAA517279.PDF,PAGINA 4,DIST47,M,1.600,0.100,0.100,1.643,0.043,0.000
SER_235338AAA517279.PDF,PAGINA 4,DIST2O,M,2.050,0.150,0.150,2.087,0.037,0.000
SER_235338AAA517279.PDF,PAGINA 5,DIST21,M,1.600,0.100,0.100,1.652,0.052,0.000
SER_235338AAA517279.PDF,PAGINA 5,DIST21,M,1.610,0.100,0.100,1.652,0.042,0.000
SER_235338AAA517279.PDF,PAGINA 5,DIST38,M,1.100,0.100,0.100,1.096,-0.004,0.000
SER_235338AAA517279.PDF,PAGINA 5,DIST22,M,2.000,0.100,0.100,2.028,0.028,0.000
SER_235338AAA517279.PDF,PAGINA 5,DIST23,M,2.000,0.100,0.100,1.987,-0.013,0.000
SER_235338AAA517279.PDF,PAGINA 5,DIST24,M,1.610,0.100,0.100,1.643,0.032,0.000
SER_235338AAA517279.PDF,PAGINA 5,DIST25,M,1.100,0.100,0.100,1.107,0.006,0.000
SER_235338AAA517279.PDF,PAGINA 5,DIST41,M,1.100,0.100,0.100,1.101,0.001,0.000
SER_235338AAA517279.PDF,PAGINA 5,DIST44,M,1.600,0.100,0.100,1.637,0.037,0.000
SER_235338AAA517279.PDF,PAGINA 6,DIST44,M,1.610,0.100,0.100,1.637,0.027,0.000
SER_235338AAA517279.PDF,PAGINA 6,DIST26,M,2.050,0.150,0.150,2.066,0.016,0.000
SER_235338AAA517279.PDF,PAGINA 6,DIST12,M,1.100,0.100,0.100,1.103,0.003,0.000
SER_235338AAA517279.PDF,PAGINA 6,DIST15,M,6.800,0.100,0.100,6.844,0.044,0.000
SER_235338AAA517279.PDF,PAGINA 6,DIST31,M,6.800,0.100,0.100,6.832,-0.032,0.000
SER_235338AAA517279.PDF,PAGINA 6,DIST34,M,1.000,0.100,0.100,1.010,0.010,0.000
SER_235338AAA517279.PDF,PAGINA 6,DIST35,M,1.000,0.100,0.100,1.008,0.008,0.000
SER_235338AAA517280.PDF,PAGINA 1,DIST1,M,4.000,0.100,0.100,4.029,0.029,0.000
SER_235338AAA517280.PDF,PAGINA 1,DIST2,M,1.000,0.100,0.100,1.008,0.008,0.000
SER_235338AAA517280.PDF,PAGINA 1,FCFPROF1,Z,1,0.087,0.050,0.134,0.000,0.000
SER_235338AAA517280.PDF,PAGINA 1,FCFPROF2,Z,1,-0.271,-0.101,0.075,0.000,0.000
SER_235338AAA517280.PDF,PAGINA 1,LOCZ,R,283.850,0.050,0.050,283.841,-0.009,0.000
SER_235338AAA517280.PDF,PAGINA 1,DIST3,M,1.000,0.100,0.100,1.009,0.009,0.000
SER_235338AAA517280.PDF,PAGINA 2,DIST4,M,4.000,0.100,0.100,4.033,0.033,0.000
SER_235338AAA517280.PDF,PAGINA 2,FCFPROF3,Z,1,0.181,0.030,0.031,0.000,0.000
SER_235338AAA517280.PDF,PAGINA 2,FCFPROF4,Z,1,0.042,0.012,0.070,0.000,0.000
SER_235338AAA517280.PDF,PAGINA 2,DISTS,M,7.200,0.100,0.100,7.240,0.040,0.000
SER_235338AAA517280.PDF,PAGINA 3,DIST16,M,7.200,0.100,0.100,7.250,0.050,0.000
SER_235338AAA517280.PDF,PAGINA 3,FCFPROFZ,Z,1,0.000,-0.126,0.497,0.000,0.000
SER_235338AAA517280.PDF,PAGINA 3,FCFPROF8,Z,1,0.012,0.005,0.083,0.000,0.000
SER_235338AAA517280.PDF,PAGINA 3,DIST8,M,1.000,0.100,0.100,1.015,0.015,0.000
SER_235338AAA517280.PDF,PAGINA 3,LOC19,R,3.000,0.150,0.150,2.955,-0.045,0.000
SER_235338AAA517280.PDF,PAGINA 3,LOC2O,R,3.000,0.150,0.150,2.965,-0.035,0.000
SER_235338AAA517280.PDF,PAGINA 4,LOC21,R,3.000,0.150,0.150,2.943,-0.057,0.000
SER_235338AAA517280.PDF,PAGINA 4,LOC22,R,3.000,0.150,0.150,2.981,-0.019,0.000
SER_235338AAA517280.PDF,PAGINA 4,LOC23,R,3.000,0.150,0.150,2.936,-0.064,0.000
SER_235338AAA517280.PDF,PAGINA 4,LOC24,R,3.000,0.150,0.150,2.979,-0.021,0.000
SER_235338AAA517280.PDF,PAGINA 4,DIST9,M,3.050,0.100,0.100,3.087,0.037,0.000
SER_235338AAA517280.PDF,PAGINA 4,DIST1O,M,6.850,0.100,0.100,6.867,0.017,0.000
SER_235338AAA517280.PDF,PAGINA 4,DIST11,M,3.050,0.100,0.100,3.096,0.046,0.000
SER_235338AAA517280.PDF,PAGINA 4,DIST17,M,6.850,0.100,0.100,6.888,0.038,0.000
SER_235338AAA517280.PDF,PAGINA 4,DIST18,M,1.610,0.100,0.100,1.616,0.007,0.000
SER_235338AAA517280.PDF,PAGINA 4,DIST19,M,1.100,0.100,0.100,1.101,0.001,0.000
SER_235338AAA517280.PDF,PAGINA 4,DIST47,M,1.600,0.100,0.100,1.616,0.016,0.000
SER_235338AAA517280.PDF,PAGINA 4,DIST2O,M,2.050,0.150,0.150,2.034,-0.016,0.000
SER_235338AAA517280.PDF,PAGINA 5,DIST21,M,1.600,0.100,0.100,1.661,0.061,0.000
SER_235338AAA517280.PDF,PAGINA 5,DIST21,M,1.610,0.100,0.100,1.661,0.051,0.000
SER_235338AAA517280.PDF,PAGINA 5,DIST38,M,1.100,0.100,0.100,1.095,-0.005,0.000
SER_235338AAA517280.PDF,PAGINA 5,DIST22,M,2.000,0.100,0.100,1.978,-0.022,0.000
SER_235338AAA517280.PDF,PAGINA 5,DIST23,M,2.000,0.100,0.100,2.009,0.009,0.000
SER_235338AAA517280.PDF,PAGINA 5,DIST24,M,1.610,0.100,0.100,1.627,0.017,0.000
SER_235338AAA517280.PDF,PAGINA 5,DIST25,M,1.100,0.100,0.100,1.120,0.020,0.000
SER_235338AAA517280.PDF,PAGINA 5,DIST41,M,1.100,0.100,0.100,1.115,0.014,0.000
SER_235338AAA517280.PDF,PAGINA 5,DIST44,M,1.600,0.100,0.100,1.622,0.022,0.000
SER_235338AAA517280.PDF,PAGINA 6,DIST44,M,1.610,0.100,0.100,1.622,0.012,0.000
SER_235338AAA517280.PDF,PAGINA 6,DIST26,M,2.050,0.150,0.150,2.085,0.035,0.000
SER_235338AAA517280.PDF,PAGINA 6,DIST12,M,1.100,0.100,0.100,1.117,0.017,0.000
SER_235338AAA517280.PDF,PAGINA 6,DIST15,M,6.800,0.100,0.100,6.837,0.037,0.000
SER_235338AAA517280.PDF,PAGINA 6,DIST31,M,6.800,0.100,0.100,6.871,-0.071,0.000
SER_235338AAA517280.PDF,PAGINA 6,DIST34,M,1.000,0.100,0.100,1.006,0.006,0.000
SER_235338AAA517280.PDF,PAGINA 6,DIST35,M,1.000,0.100,0.100,0.999,-0.001,0.000
SER_235338AAA517281.PDF,PAGINA 1,DIST1,M,4.000,0.100,0.100,4.035,0.035,0.000
SER_235338AAA517281.PDF,PAGINA 1,DIST2,M,1.000,0.100,0.100,1.006,0.006,0.000
SER_235338AAA517281.PDF,PAGINA 1,FCFPROF1,Z,1,0.199,0.112,0.209,0.000,0.000
SER_235338AAA517281.PDF,PAGINA 1,FCFPROF2,Z,1,0.008,-0.020,0.058,0.000,0.000
SER_235338AAA517281.PDF,PAGINA 1,LOCZ,R,283.850,0.050,0.050,283.845,-0.005,0.000
SER_235338AAA517281.PDF,PAGINA 1,DIST3,M,1.000,0.100,0.100,1.001,0.001,0.000
SER_235338AAA517281.PDF,PAGINA 2,DIST4,M,4.000,0.100,0.100,4.034,0.034,0.000
SER_235338AAA517281.PDF,PAGINA 2,FCFPROF3,Z,1,0.240,0.042,0.012,0.000,0.000
SER_235338AAA517281.PDF,PAGINA 2,FCFPROF4,Z,1,0.167,0.040,0.107,0.000,0.000
SER_235338AAA517281.PDF,PAGINA 2,DISTS,M,7.200,0.100,0.100,7.244,0.044,0.000
SER_235338AAA517281.PDF,PAGINA 3,DIST16,M,7.200,0.100,0.100,7.257,0.057,0.000
SER_235338AAA517281.PDF,PAGINA 3,FCFPROFZ,Z,1,0.000,-0.157,0.682,0.000,0.000
SER_235338AAA517281.PDF,PAGINA 3,FCFPROF8,Z,1,0.089,-0.024,0.044,0.000,0.000
SER_235338AAA517281.PDF,PAGINA 3,DIST8,M,1.000,0.100,0.100,1.018,0.018,0.000
SER_235338AAA517281.PDF,PAGINA 3,LOC19,R,3.000,0.150,0.150,2.926,-0.074,0.000
SER_235338AAA517281.PDF,PAGINA 3,LOC2O,R,3.000,0.150,0.150,2.976,-0.024,0.000
SER_235338AAA517281.PDF,PAGINA 4,LOC21,R,3.000,0.150,0.150,2.955,-0.045,0.000
SER_235338AAA517281.PDF,PAGINA 4,LOC22,R,3.000,0.150,0.150,2.960,-0.040,0.000
SER_235338AAA517281.PDF,PAGINA 4,LOC23,R,3.000,0.150,0.150,2.928,-0.072,0.000
SER_235338AAA517281.PDF,PAGINA 4,LOC24,R,3.000,0.150,0.150,2.977,-0.023,0.000
SER_235338AAA517281.PDF,PAGINA 4,DIST9,M,3.050,0.100,0.100,3.090,0.040,0.000
SER_235338AAA517281.PDF,PAGINA 4,DIST1O,M,6.850,0.100,0.100,6.859,0.009,0.000
SER_235338AAA517281.PDF,PAGINA 4,DIST11,M,3.050,0.100,0.100,3.089,0.039,0.000
SER_235338AAA517281.PDF,PAGINA 4,DIST17,M,6.850,0.100,0.100,6.864,0.014,0.000
SER_235338AAA517281.PDF,PAGINA 4,DIST18,M,1.610,0.100,0.100,1.632,0.023,0.000
SER_235338AAA517281.PDF,PAGINA 4,DIST19,M,1.100,0.100,0.100,1.102,0.002,0.000
SER_235338AAA517281.PDF,PAGINA 4,DIST47,M,1.600,0.100,0.100,1.632,0.032,0.000
SER_235338AAA517281.PDF,PAGINA 4,DIST2O,M,2.050,0.150,0.150,2.096,0.046,0.000
SER_235338AAA517281.PDF,PAGINA 5,DIST21,M,1.600,0.100,0.100,1.643,0.043,0.000
SER_235338AAA517281.PDF,PAGINA 5,DIST21,M,1.610,0.100,0.100,1.643,0.033,0.000
SER_235338AAA517281.PDF,PAGINA 5,DIST38,M,1.100,0.100,0.100,1.093,-0.007,0.000
SER_235338AAA517281.PDF,PAGINA 5,DIST22,M,2.000,0.100,0.100,2.025,0.025,0.000
SER_235338AAA517281.PDF,PAGINA 5,DIST23,M,2.000,0.100,0.100,1.981,-0.020,0.000
SER_235338AAA517281.PDF,PAGINA 5,DIST24,M,1.610,0.100,0.100,1.637,0.026,0.000
SER_235338AAA517281.PDF,PAGINA 5,DIST25,M,1.100,0.100,0.100,1.117,0.016,0.000
SER_235338AAA517281.PDF,PAGINA 5,DIST41,M,1.100,0.100,0.100,1.111,0.010,0.000
SER_235338AAA517281.PDF,PAGINA 5,DIST44,M,1.600,0.100,0.100,1.631,0.031,0.000
SER_235338AAA517281.PDF,PAGINA 6,DIST44,M,1.610,0.100,0.100,1.631,0.021,0.000
SER_235338AAA517281.PDF,PAGINA 6,DIST26,M,2.050,0.150,0.150,2.060,0.010,0.000
SER_235338AAA517281.PDF,PAGINA 6,DIST12,M,1.100,0.100,0.100,1.094,-0.006,0.000
SER_235338AAA517281.PDF,PAGINA 6,DIST15,M,6.800,0.100,0.100,6.838,0.038,0.000
SER_235338AAA517281.PDF,PAGINA 6,DIST31,M,6.800,0.100,0.100,6.836,-0.036,0.000
SER_235338AAA517281.PDF,PAGINA 6,DIST34,M,1.000,0.100,0.100,1.010,0.010,0.000
SER_235338AAA517281.PDF,PAGINA 6,DIST35,M,1.000,0.100,0.100,1.002,0.002,0.000
SER_235338AAA517282.PDF,PAGINA 1,DIST1,M,4.000,0.100,0.100,4.035,0.035,0.000
SER_235338AAA517282.PDF,PAGINA 1,DIST2,M,1.000,0.100,0.100,1.015,0.015,0.000
SER_235338AAA517282.PDF,PAGINA 1,FCFPROF1,Z,1,0.200,0.108,0.193,0.000,0.000
SER_235338AAA517282.PDF,PAGINA 1,FCFPROF2,Z,1,-0.398,-0.138,0.050,0.000,0.000
SER_235338AAA517282.PDF,PAGINA 1,LOCZ,R,283.850,0.050,0.050,283.849,-0.001,0.000
SER_235338AAA517282.PDF,PAGINA 1,DIST3,M,1.000,0.100,0.100,1.003,0.003,0.000
SER_235338AAA517282.PDF,PAGINA 2,DIST4,M,4.000,0.100,0.100,4.037,0.037,0.000
SER_235338AAA517282.PDF,PAGINA 2,FCFPROF3,Z,1,0.007,0.001,0.012,0.000,0.000
SER_235338AAA517282.PDF,PAGINA 2,FCFPROF4,Z,1,0.062,0.022,0.114,0.000,0.000
SER_235338AAA517282.PDF,PAGINA 2,DISTS,M,7.200,0.100,0.100,7.247,0.047,0.000
SER_235338AAA517282.PDF,PAGINA 3,DIST16,M,7.200,0.100,0.100,7.259,0.059,0.000
SER_235338AAA517282.PDF,PAGINA 3,FCFPROFZ,Z,1,0.000,-0.152,0.624,0.000,0.000
SER_235338AAA517282.PDF,PAGINA 3,FCFPROF8,Z,1,2.766,-0.224,0.080,0.000,0.000
SER_235338AAA517282.PDF,PAGINA 3,DIST8,M,1.000,0.100,0.100,1.020,0.020,0.000
SER_235338AAA517282.PDF,PAGINA 3,LOC19,R,3.000,0.150,0.150,2.943,-0.057,0.000
SER_235338AAA517282.PDF,PAGINA 3,LOC2O,R,3.000,0.150,0.150,2.974,-0.026,0.000
SER_235338AAA517282.PDF,PAGINA 4,LOC21,R,3.000,0.150,0.150,2.947,-0.053,0.000
SER_235338AAA517282.PDF,PAGINA 4,LOC22,R,3.000,0.150,0.150,2.978,-0.022,0.000
SER_235338AAA517282.PDF,PAGINA 4,LOC23,R,3.000,0.150,0.150,2.937,-0.063,0.000
SER_235338AAA517282.PDF,PAGINA 4,LOC24,R,3.000,0.150,0.150,2.987,-0.013,0.000
SER_235338AAA517282.PDF,PAGINA 4,DIST9,M,3.050,0.100,0.100,3.098,0.048,0.000
SER_235338AAA517282.PDF,PAGINA 4,DIST1O,M,6.850,0.100,0.100,6.862,0.012,0.000
SER_235338AAA517282.PDF,PAGINA 4,DIST11,M,3.050,0.100,0.100,3.096,0.046,0.000
SER_235338AAA517282.PDF,PAGINA 4,DIST17,M,6.850,0.100,0.100,6.862,0.012,0.000
SER_235338AAA517282.PDF,PAGINA 4,DIST18,M,1.610,0.100,0.100,1.632,0.022,0.000
SER_235338AAA517282.PDF,PAGINA 4,DIST19,M,1.100,0.100,0.100,1.099,-0.001,0.000
SER_235338AAA517282.PDF,PAGINA 4,DIST47,M,1.600,0.100,0.100,1.632,0.032,0.000
SER_235338AAA517282.PDF,PAGINA 4,DIST2O,M,2.050,0.150,0.150,2.091,0.041,0.000
SER_235338AAA517282.PDF,PAGINA 5,DIST21,M,1.600,0.100,0.100,1.646,0.046,0.000
SER_235338AAA517282.PDF,PAGINA 5,DIST21,M,1.610,0.100,0.100,1.646,0.036,0.000
SER_235338AAA517282.PDF,PAGINA 5,DIST38,M,1.100,0.100,0.100,1.090,-0.010,0.000
SER_235338AAA517282.PDF,PAGINA 5,DIST22,M,2.000,0.100,0.100,2.026,0.026,0.000
SER_235338AAA517282.PDF,PAGINA 5,DIST23,M,2.000,0.100,0.100,1.988,-0.013,0.000
SER_235338AAA517282.PDF,PAGINA 5,DIST24,M,1.610,0.100,0.100,1.638,0.027,0.000
SER_235338AAA517282.PDF,PAGINA 5,DIST25,M,1.100,0.100,0.100,1.114,0.014,0.000
SER_235338AAA517282.PDF,PAGINA 5,DIST41,M,1.100,0.100,0.100,1.107,0.007,0.000
SER_235338AAA517282.PDF,PAGINA 5,DIST44,M,1.600,0.100,0.100,1.631,0.031,0.000
SER_235338AAA517282.PDF,PAGINA 6,DIST44,M,1.610,0.100,0.100,1.631,0.021,0.000
SER_235338AAA517282.PDF,PAGINA 6,DIST26,M,2.050,0.150,0.150,2.069,0.019,0.000
SER_235338AAA517282.PDF,PAGINA 6,DIST12,M,1.100,0.100,0.100,1.091,-0.009,0.000
SER_235338AAA517282.PDF,PAGINA 6,DIST15,M,6.800,0.100,0.100,6.844,0.044,0.000
SER_235338AAA517282.PDF,PAGINA 6,DIST31,M,6.800,0.100,0.100,6.837,-0.037,0.000
SER_235338AAA517282.PDF,PAGINA 6,DIST34,M,1.000,0.100,0.100,1.008,0.008,0.000
SER_235338AAA517282.PDF,PAGINA 6,DIST35,M,1.000,0.100,0.100,1.010,0.010,0.000
SER_235338AAA517283.PDF,PAGINA 1,DIST1,M,4.000,0.100,0.100,4.045,0.045,0.000
SER_235338AAA517283.PDF,PAGINA 1,DIST2,M,1.000,0.100,0.100,1.013,0.013,0.000
SER_235338AAA517283.PDF,PAGINA 1,FCFPROF1,Z,1,2.151,0.803,0.143,0.000,0.000
SER_235338AAA517283.PDF,PAGINA 1,FCFPROF2,Z,1,-0.422,-0.142,0.054,0.000,0.000
SER_235338AAA517283.PDF,PAGINA 1,LOCZ,R,283.850,0.050,0.050,283.842,-0.008,0.000
SER_235338AAA517283.PDF,PAGINA 1,DIST3,M,1.000,0.100,0.100,1.022,0.022,0.000
SER_235338AAA517283.PDF,PAGINA 2,DIST4,M,4.000,0.100,0.100,4.048,0.048,0.000
SER_235338AAA517283.PDF,PAGINA 2,FCFPROF3,Z,1,-0.025,-0.006,0.026,0.000,0.000
SER_235338AAA517283.PDF,PAGINA 2,FCFPROF4,Z,1,0.181,0.042,0.107,0.000,0.000
SER_235338AAA517283.PDF,PAGINA 2,DISTS,M,7.200,0.100,0.100,7.251,0.051,0.000
SER_235338AAA517283.PDF,PAGINA 3,DIST16,M,7.200,0.100,0.100,7.263,0.064,0.000
SER_235338AAA517283.PDF,PAGINA 3,FCFPROFZ,Z,1,0.000,-0.153,0.643,0.000,0.000
SER_235338AAA517283.PDF,PAGINA 3,FCFPROF8,Z,1,0.745,-0.063,0.083,0.000,0.000
SER_235338AAA517283.PDF,PAGINA 3,DIST8,M,1.000,0.100,0.100,1.019,0.019,0.000
SER_235338AAA517283.PDF,PAGINA 3,LOC19,R,3.000,0.150,0.150,2.933,-0.067,0.000
SER_235338AAA517283.PDF,PAGINA 3,LOC2O,R,3.000,0.150,0.150,2.978,-0.022,0.000
SER_235338AAA517283.PDF,PAGINA 4,LOC21,R,3.000,0.150,0.150,2.952,-0.048,0.000
SER_235338AAA517283.PDF,PAGINA 4,LOC22,R,3.000,0.150,0.150,2.961,-0.039,0.000
SER_235338AAA517283.PDF,PAGINA 4,LOC23,R,3.000,0.150,0.150,2.934,-0.066,0.000
SER_235338AAA517283.PDF,PAGINA 4,LOC24,R,3.000,0.150,0.150,2.960,-0.040,0.000
SER_235338AAA517283.PDF,PAGINA 4,DIST9,M,3.050,0.100,0.100,3.102,0.052,0.000
SER_235338AAA517283.PDF,PAGINA 4,DIST1O,M,6.850,0.100,0.100,6.867,0.017,0.000
SER_235338AAA517283.PDF,PAGINA 4,DIST11,M,3.050,0.100,0.100,3.098,0.048,0.000
SER_235338AAA517283.PDF,PAGINA 4,DIST17,M,6.850,0.100,0.100,6.864,0.014,0.000
SER_235338AAA517283.PDF,PAGINA 4,DIST18,M,1.610,0.100,0.100,1.636,0.027,0.000
SER_235338AAA517283.PDF,PAGINA 4,DIST19,M,1.100,0.100,0.100,1.104,0.005,0.000
SER_235338AAA517283.PDF,PAGINA 4,DIST47,M,1.600,0.100,0.100,1.636,0.036,0.000
SER_235338AAA517283.PDF,PAGINA 4,DIST2O,M,2.050,0.150,0.150,2.086,0.036,0.000
SER_235338AAA517283.PDF,PAGINA 5,DIST21,M,1.600,0.100,0.100,1.654,0.054,0.000
SER_235338AAA517283.PDF,PAGINA 5,DIST21,M,1.610,0.100,0.100,1.654,0.044,0.000
SER_235338AAA517283.PDF,PAGINA 5,DIST38,M,1.100,0.100,0.100,1.099,-0.001,0.000
SER_235338AAA517283.PDF,PAGINA 5,DIST22,M,2.000,0.100,0.100,2.014,0.015,0.000
SER_235338AAA517283.PDF,PAGINA 5,DIST23,M,2.000,0.100,0.100,1.964,-0.036,0.000
SER_235338AAA517283.PDF,PAGINA 5,DIST24,M,1.610,0.100,0.100,1.645,0.034,0.000
SER_235338AAA517283.PDF,PAGINA 5,DIST25,M,1.100,0.100,0.100,1.130,0.030,0.000
SER_235338AAA517283.PDF,PAGINA 5,DIST41,M,1.100,0.100,0.100,1.123,0.023,0.000
SER_235338AAA517283.PDF,PAGINA 5,DIST44,M,1.600,0.100,0.100,1.637,0.037,0.000
SER_235338AAA517283.PDF,PAGINA 6,DIST44,M,1.610,0.100,0.100,1.637,0.027,0.000
SER_235338AAA517283.PDF,PAGINA 6,DIST26,M,2.050,0.150,0.150,2.067,0.017,0.000
SER_235338AAA517283.PDF,PAGINA 6,DIST12,M,1.100,0.100,0.100,1.099,-0.001,0.000
SER_235338AAA517283.PDF,PAGINA 6,DIST15,M,6.800,0.100,0.100,6.857,0.057,0.000
SER_235338AAA517283.PDF,PAGINA 6,DIST31,M,6.800,0.100,0.100,6.849,-0.049,0.000
SER_235338AAA517283.PDF,PAGINA 6,DIST34,M,1.000,0.100,0.100,1.004,0.004,0.000
SER_235338AAA517283.PDF,PAGINA 6,DIST35,M,1.000,0.100,0.100,1.003,0.003,0.000
SER_235338AAA517284.PDF,PAGINA 1,DIST1,M,4.000,0.100,0.100,4.040,0.040,0.000
SER_235338AAA517284.PDF,PAGINA 1,DIST2,M,1.000,0.100,0.100,1.006,0.006,0.000
SER_235338AAA517284.PDF,PAGINA 1,FCFPROF1,Z,1,0.048,0.056,0.204,0.000,0.000
SER_235338AAA517284.PDF,PAGINA 1,FCFPROF2,Z,1,-0.010,-0.027,0.105,0.000,0.000
SER_235338AAA517284.PDF,PAGINA 1,LOCZ,R,283.850,0.050,0.050,283.829,-0.021,0.000
SER_235338AAA517284.PDF,PAGINA 1,DIST3,M,1.000,0.100,0.100,1.001,0.001,0.000
SER_235338AAA517284.PDF,PAGINA 2,DIST4,M,4.000,0.100,0.100,4.045,0.045,0.000
SER_235338AAA517284.PDF,PAGINA 2,FCFPROF3,Z,1,0.216,0.035,0.040,0.000,0.000
SER_235338AAA517284.PDF,PAGINA 2,FCFPROF4,Z,1,0.144,0.034,0.092,0.000,0.000
SER_235338AAA517284.PDF,PAGINA 2,DISTS,M,7.200,0.100,0.100,7.253,0.053,0.000
SER_235338AAA517284.PDF,PAGINA 3,DIST16,M,7.200,0.100,0.100,7.266,0.066,0.000
SER_235338AAA517284.PDF,PAGINA 3,FCFPROFZ,Z,1,0.000,-0.148,0.685,0.000,0.000
SER_235338AAA517284.PDF,PAGINA 3,FCFPROF8,Z,1,-0.017,0.011,0.071,0.000,0.000
SER_235338AAA517284.PDF,PAGINA 3,DIST8,M,1.000,0.100,0.100,1.027,0.027,0.000
SER_235338AAA517284.PDF,PAGINA 3,LOC19,R,3.000,0.150,0.150,2.943,-0.057,0.000
SER_235338AAA517284.PDF,PAGINA 3,LOC2O,R,3.000,0.150,0.150,2.968,-0.032,0.000
SER_235338AAA517284.PDF,PAGINA 4,LOC21,R,3.000,0.150,0.150,2.946,-0.054,0.000
SER_235338AAA517284.PDF,PAGINA 4,LOC22,R,3.000,0.150,0.150,2.962,-0.038,0.000
SER_235338AAA517284.PDF,PAGINA 4,LOC23,R,3.000,0.150,0.150,2.947,-0.053,0.000
SER_235338AAA517284.PDF,PAGINA 4,LOC24,R,3.000,0.150,0.150,2.976,-0.024,0.000
SER_235338AAA517284.PDF,PAGINA 4,DIST9,M,3.050,0.100,0.100,3.094,0.044,0.000
SER_235338AAA517284.PDF,PAGINA 4,DIST1O,M,6.850,0.100,0.100,6.862,0.012,0.000
SER_235338AAA517284.PDF,PAGINA 4,DIST11,M,3.050,0.100,0.100,3.105,0.055,0.000
SER_235338AAA517284.PDF,PAGINA 4,DIST17,M,6.850,0.100,0.100,6.884,0.034,0.000
SER_235338AAA517284.PDF,PAGINA 4,DIST18,M,1.610,0.100,0.100,1.633,0.024,0.000
SER_235338AAA517284.PDF,PAGINA 4,DIST19,M,1.100,0.100,0.100,1.092,-0.007,0.000
SER_235338AAA517284.PDF,PAGINA 4,DIST47,M,1.600,0.100,0.100,1.633,0.033,0.000
SER_235338AAA517284.PDF,PAGINA 4,DIST2O,M,2.050,0.150,0.150,2.087,0.037,0.000
SER_235338AAA517284.PDF,PAGINA 5,DIST21,M,1.600,0.100,0.100,1.670,0.070,0.000
SER_235338AAA517284.PDF,PAGINA 5,DIST21,M,1.610,0.100,0.100,1.670,0.060,0.000
SER_235338AAA517284.PDF,PAGINA 5,DIST38,M,1.100,0.100,0.100,1.088,-0.012,0.000
SER_235338AAA517284.PDF,PAGINA 5,DIST22,M,2.000,0.100,0.100,2.018,0.018,0.000
SER_235338AAA517284.PDF,PAGINA 5,DIST23,M,2.000,0.100,0.100,2.016,0.015,0.000
SER_235338AAA517284.PDF,PAGINA 5,DIST24,M,1.610,0.100,0.100,1.640,0.029,0.000
SER_235338AAA517284.PDF,PAGINA 5,DIST25,M,1.100,0.100,0.100,1.110,0.009,0.000
SER_235338AAA517284.PDF,PAGINA 5,DIST41,M,1.100,0.100,0.100,1.103,0.003,0.000
SER_235338AAA517284.PDF,PAGINA 5,DIST44,M,1.600,0.100,0.100,1.633,0.033,0.000
SER_235338AAA517284.PDF,PAGINA 6,DIST44,M,1.610,0.100,0.100,1.633,0.023,0.000
SER_235338AAA517284.PDF,PAGINA 6,DIST26,M,2.050,0.150,0.150,2.085,0.035,0.000
SER_235338AAA517284.PDF,PAGINA 6,DIST12,M,1.100,0.100,0.100,1.112,0.012,0.000
SER_235338AAA517284.PDF,PAGINA 6,DIST15,M,6.800,0.100,0.100,6.842,0.042,0.000
SER_235338AAA517284.PDF,PAGINA 6,DIST31,M,6.800,0.100,0.100,6.879,-0.079,0.000
SER_235338AAA517284.PDF,PAGINA 6,DIST34,M,1.000,0.100,0.100,1.018,0.018,0.000
SER_235338AAA517284.PDF,PAGINA 6,DIST35,M,1.000,0.100,0.100,1.013,0.013,0.000
SER_235338AAA517285.PDF,PAGINA 1,DIST1,M,4.000,0.100,0.100,4.039,0.039,0.000
SER_235338AAA517285.PDF,PAGINA 1,DIST2,M,1.000,0.100,0.100,0.997,-0.003,0.000
SER_235338AAA517285.PDF,PAGINA 1,FCFPROF1,Z,1,0.176,0.128,0.313,0.000,0.000
SER_235338AAA517285.PDF,PAGINA 1,FCFPROF2,Z,1,0.147,0.044,0.005,0.000,0.000
SER_235338AAA517285.PDF,PAGINA 1,LOCZ,R,283.850,0.050,0.050,283.851,0.001,0.000
SER_235338AAA517285.PDF,PAGINA 1,DIST3,M,1.000,0.100,0.100,0.996,-0.004,0.000
SER_235338AAA517285.PDF,PAGINA 2,DIST4,M,4.000,0.100,0.100,4.043,0.043,0.000
SER_235338AAA517285.PDF,PAGINA 2,FCFPROF3,Z,1,-0.261,-0.045,0.044,0.000,0.000
SER_235338AAA517285.PDF,PAGINA 2,FCFPROF4,Z,1,0.215,0.055,0.152,0.000,0.000
SER_235338AAA517285.PDF,PAGINA 2,DISTS,M,7.200,0.100,0.100,7.256,0.056,0.000
SER_235338AAA517285.PDF,PAGINA 3,DIST16,M,7.200,0.100,0.100,7.269,0.069,0.000
SER_235338AAA517285.PDF,PAGINA 3,FCFPROFZ,Z,1,1.748,-0.385,0.844,0.000,0.000
SER_235338AAA517285.PDF,PAGINA 3,FCFPROF8,Z,1,0.000,-0.035,0.092,0.000,0.000
SER_235338AAA517285.PDF,PAGINA 3,DIST8,M,1.000,0.100,0.100,1.020,0.020,0.000
SER_235338AAA517285.PDF,PAGINA 3,LOC16,X,-1.000,0.100,0.100,-1.106,-0.106,0.006
SER_235338AAA517285.PDF,PAGINA 3,LOC19,R,3.000,0.150,0.150,2.931,-0.069,0.000
SER_235338AAA517285.PDF,PAGINA 3,LOC2O,R,3.000,0.150,0.150,2.957,-0.043,0.000
SER_235338AAA517285.PDF,PAGINA 4,LOC21,R,3.000,0.150,0.150,2.936,-0.064,0.000
SER_235338AAA517285.PDF,PAGINA 4,LOC22,R,3.000,0.150,0.150,2.970,-0.030,0.000
SER_235338AAA517285.PDF,PAGINA 4,LOC23,R,3.000,0.150,0.150,2.939,-0.061,0.000
SER_235338AAA517285.PDF,PAGINA 4,LOC24,R,3.000,0.150,0.150,2.973,-0.027,0.000
SER_235338AAA517285.PDF,PAGINA 4,DIST9,M,3.050,0.100,0.100,3.092,0.042,0.000
SER_235338AAA517285.PDF,PAGINA 4,DIST1O,M,6.850,0.100,0.100,6.858,0.008,0.000
SER_235338AAA517285.PDF,PAGINA 4,DIST11,M,3.050,0.100,0.100,3.092,0.042,0.000
SER_235338AAA517285.PDF,PAGINA 4,DIST17,M,6.850,0.100,0.100,6.862,0.012,0.000
SER_235338AAA517285.PDF,PAGINA 4,DIST18,M,1.610,0.100,0.100,1.634,0.024,0.000
SER_235338AAA517285.PDF,PAGINA 4,DIST19,M,1.100,0.100,0.100,1.093,-0.006,0.000
SER_235338AAA517285.PDF,PAGINA 4,DIST47,M,1.600,0.100,0.100,1.634,0.034,0.000
SER_235338AAA517285.PDF,PAGINA 4,DIST2O,M,2.050,0.150,0.150,2.112,0.061,0.000
SER_235338AAA517285.PDF,PAGINA 5,DIST21,M,1.600,0.100,0.100,1.660,0.060,0.000
SER_235338AAA517285.PDF,PAGINA 5,DIST21,M,1.610,0.100,0.100,1.660,0.050,0.000
SER_235338AAA517285.PDF,PAGINA 5,DIST38,M,1.100,0.100,0.100,1.079,-0.021,0.000
SER_235338AAA517285.PDF,PAGINA 5,DIST22,M,2.000,0.100,0.100,2.048,0.048,0.000
SER_235338AAA517285.PDF,PAGINA 5,DIST23,M,2.000,0.100,0.100,1.978,-0.023,0.000
SER_235338AAA517285.PDF,PAGINA 5,DIST24,M,1.610,0.100,0.100,1.635,0.024,0.000
SER_235338AAA517285.PDF,PAGINA 5,DIST25,M,1.100,0.100,0.100,1.105,0.005,0.000
SER_235338AAA517285.PDF,PAGINA 5,DIST41,M,1.100,0.100,0.100,1.098,-0.002,0.000
SER_235338AAA517285.PDF,PAGINA 5,DIST44,M,1.600,0.100,0.100,1.628,0.028,0.000
SER_235338AAA517285.PDF,PAGINA 6,DIST44,M,1.610,0.100,0.100,1.628,0.018,0.000
SER_235338AAA517285.PDF,PAGINA 6,DIST26,M,2.050,0.150,0.150,2.037,-0.013,0.000
SER_235338AAA517285.PDF,PAGINA 6,DIST12,M,1.100,0.100,0.100,1.095,-0.005,0.000
SER_235338AAA517285.PDF,PAGINA 6,DIST15,M,6.800,0.100,0.100,6.833,0.033,0.000
SER_235338AAA517285.PDF,PAGINA 6,DIST31,M,6.800,0.100,0.100,6.855,-0.055,0.000
SER_235338AAA517285.PDF,PAGINA 6,DIST34,M,1.000,0.100,0.100,1.010,0.010,0.000
SER_235338AAA517285.PDF,PAGINA 6,DIST35,M,1.000,0.100,0.100,1.004,0.004,0.000
SER_235338AAA517286.PDF,PAGINA 1,DIST1,M,4.000,0.100,0.100,4.043,0.043,0.000
SER_235338AAA517286.PDF,PAGINA 1,DIST2,M,1.000,0.100,0.100,1.007,0.007,0.000
SER_235338AAA517286.PDF,PAGINA 1,FCFPROF1,Z,1,0.086,0.076,0.244,0.000,0.000
SER_235338AAA517286.PDF,PAGINA 1,FCFPROF2,Z,1,0.020,-0.013,0.087,0.000,0.000
SER_235338AAA517286.PDF,PAGINA 1,LOCZ,R,283.850,0.050,0.050,283.850,0.000,0.000
SER_235338AAA517286.PDF,PAGINA 1,DIST3,M,1.000,0.100,0.100,0.996,-0.004,0.000
SER_235338AAA517286.PDF,PAGINA 2,DIST4,M,4.000,0.100,0.100,4.048,0.048,0.000
SER_235338AAA517286.PDF,PAGINA 2,FCFPROF3,Z,1,0.024,0.002,0.017,0.000,0.000
SER_235338AAA517286.PDF,PAGINA 2,FCFPROF4,Z,1,0.033,0.017,0.120,0.000,0.000
SER_235338AAA517286.PDF,PAGINA 2,DISTS,M,7.200,0.100,0.100,7.259,0.059,0.000
SER_235338AAA517286.PDF,PAGINA 3,DIST16,M,7.200,0.100,0.100,7.273,0.073,0.000
SER_235338AAA517286.PDF,PAGINA 3,FCFPROFZ,Z,1,0.000,-0.165,0.702,0.000,0.000
SER_235338AAA517286.PDF,PAGINA 3,FCFPROF8,Z,1,0.877,-0.073,0.145,0.000,0.000
SER_235338AAA517286.PDF,PAGINA 3,DIST8,M,1.000,0.100,0.100,1.021,0.021,0.000
SER_235338AAA517286.PDF,PAGINA 3,LOC19,R,3.000,0.150,0.150,2.945,-0.055,0.000
SER_235338AAA517286.PDF,PAGINA 3,LOC2O,R,3.000,0.150,0.150,2.972,-0.028,0.000
SER_235338AAA517286.PDF,PAGINA 4,LOC21,R,3.000,0.150,0.150,2.947,-0.053,0.000
SER_235338AAA517286.PDF,PAGINA 4,LOC22,R,3.000,0.150,0.150,2.966,-0.034,0.000
SER_235338AAA517286.PDF,PAGINA 4,LOC23,R,3.000,0.150,0.150,2.930,-0.070,0.000
SER_235338AAA517286.PDF,PAGINA 4,LOC24,R,3.000,0.150,0.150,2.966,-0.034,0.000
SER_235338AAA517286.PDF,PAGINA 4,DIST9,M,3.050,0.100,0.100,3.089,0.039,0.000
SER_235338AAA517286.PDF,PAGINA 4,DIST1O,M,6.850,0.100,0.100,6.849,-0.001,0.000
SER_235338AAA517286.PDF,PAGINA 4,DIST11,M,3.050,0.100,0.100,3.091,0.041,0.000
SER_235338AAA517286.PDF,PAGINA 4,DIST17,M,6.850,0.100,0.100,6.851,0.001,0.000
SER_235338AAA517286.PDF,PAGINA 4,DIST18,M,1.610,0.100,0.100,1.632,0.022,0.000
SER_235338AAA517286.PDF,PAGINA 4,DIST19,M,1.100,0.100,0.100,1.084,-0.016,0.000
SER_235338AAA517286.PDF,PAGINA 4,DIST47,M,1.600,0.100,0.100,1.632,0.032,0.000
SER_235338AAA517286.PDF,PAGINA 4,DIST2O,M,2.050,0.150,0.150,2.101,0.051,0.000
SER_235338AAA517286.PDF,PAGINA 5,DIST21,M,1.600,0.100,0.100,1.650,0.050,0.000
SER_235338AAA517286.PDF,PAGINA 5,DIST21,M,1.610,0.100,0.100,1.650,0.040,0.000
SER_235338AAA517286.PDF,PAGINA 5,DIST38,M,1.100,0.100,0.100,1.081,-0.019,0.000
SER_235338AAA517286.PDF,PAGINA 5,DIST22,M,2.000,0.100,0.100,2.033,0.033,0.000
SER_235338AAA517286.PDF,PAGINA 5,DIST23,M,2.000,0.100,0.100,1.997,-0.003,0.000
SER_235338AAA517286.PDF,PAGINA 5,DIST24,M,1.610,0.100,0.100,1.635,0.025,0.000
SER_235338AAA517286.PDF,PAGINA 5,DIST25,M,1.100,0.100,0.100,1.100,-0.001,0.000
SER_235338AAA517286.PDF,PAGINA 5,DIST41,M,1.100,0.100,0.100,1.094,-0.007,0.000
SER_235338AAA517286.PDF,PAGINA 5,DIST44,M,1.600,0.100,0.100,1.629,0.029,0.000
SER_235338AAA517286.PDF,PAGINA 6,DIST44,M,1.610,0.100,0.100,1.629,0.019,0.000
SER_235338AAA517286.PDF,PAGINA 6,DIST26,M,2.050,0.150,0.150,2.068,0.018,0.000
SER_235338AAA517286.PDF,PAGINA 6,DIST12,M,1.100,0.100,0.100,1.082,-0.018,0.000
SER_235338AAA517286.PDF,PAGINA 6,DIST15,M,6.800,0.100,0.100,6.843,0.043,0.000
SER_235338AAA517286.PDF,PAGINA 6,DIST31,M,6.800,0.100,0.100,6.836,-0.036,0.000
SER_235338AAA517286.PDF,PAGINA 6,DIST34,M,1.000,0.100,0.100,1.013,0.013,0.000
SER_235338AAA517286.PDF,PAGINA 6,DIST35,M,1.000,0.100,0.100,1.006,0.006,0.000
SER_235338AAA517287.PDF,PAGINA 1,DIST1,M,4.000,0.100,0.100,4.044,0.044,0.000
SER_235338AAA517287.PDF,PAGINA 1,DIST2,M,1.000,0.100,0.100,1.006,0.006,0.000
SER_235338AAA517287.PDF,PAGINA 1,FCFPROF1,Z,1,0.066,0.086,0.272,0.000,0.000
SER_235338AAA517287.PDF,PAGINA 1,FCFPROF2,Z,1,0.024,-0.008,0.081,0.000,0.000
SER_235338AAA517287.PDF,PAGINA 1,LOCZ,R,283.850,0.050,0.050,283.842,-0.008,0.000
SER_235338AAA517287.PDF,PAGINA 1,DIST3,M,1.000,0.100,0.100,1.014,0.014,0.000
SER_235338AAA517287.PDF,PAGINA 2,DIST4,M,4.000,0.100,0.100,4.047,0.047,0.000
SER_235338AAA517287.PDF,PAGINA 2,FCFPROF3,Z,1,0.030,0.003,0.010,0.000,0.000
SER_235338AAA517287.PDF,PAGINA 2,FCFPROF4,Z,1,-0.022,0.007,0.127,0.000,0.000
SER_235338AAA517287.PDF,PAGINA 2,DISTS,M,7.200,0.100,0.100,7.264,0.064,0.000
SER_235338AAA517287.PDF,PAGINA 3,DIST16,M,7.200,0.100,0.100,7.274,0.074,0.000
SER_235338AAA517287.PDF,PAGINA 3,FCFPROFZ,Z,1,0.000,-0.184,0.808,0.000,0.000
SER_235338AAA517287.PDF,PAGINA 3,FCFPROF8,Z,1,0.606,-0.057,0.051,0.000,0.000
SER_235338AAA517287.PDF,PAGINA 3,DIST8,M,1.000,0.100,0.100,1.026,0.026,0.000
SER_235338AAA517287.PDF,PAGINA 3,LOC16,X,-1.000,0.100,0.100,-1.105,-0.105,0.005
SER_235338AAA517287.PDF,PAGINA 3,LOC19,R,3.000,0.150,0.150,2.940,-0.060,0.000
SER_235338AAA517287.PDF,PAGINA 3,LOC2O,R,3.000,0.150,0.150,2.977,-0.023,0.000
SER_235338AAA517287.PDF,PAGINA 4,LOC21,R,3.000,0.150,0.150,2.943,-0.057,0.000
SER_235338AAA517287.PDF,PAGINA 4,LOC22,R,3.000,0.150,0.150,2.969,-0.031,0.000
SER_235338AAA517287.PDF,PAGINA 4,LOC23,R,3.000,0.150,0.150,2.929,-0.071,0.000
SER_235338AAA517287.PDF,PAGINA 4,LOC24,R,3.000,0.150,0.150,2.967,-0.033,0.000
SER_235338AAA517287.PDF,PAGINA 4,DIST9,M,3.050,0.100,0.100,3.099,0.049,0.000
SER_235338AAA517287.PDF,PAGINA 4,DIST1O,M,6.850,0.100,0.100,6.858,0.008,0.000
SER_235338AAA517287.PDF,PAGINA 4,DIST11,M,3.050,0.100,0.100,3.090,0.040,0.000
SER_235338AAA517287.PDF,PAGINA 4,DIST17,M,6.850,0.100,0.100,6.851,0.001,0.000
SER_235338AAA517287.PDF,PAGINA 4,DIST18,M,1.610,0.100,0.100,1.632,0.023,0.000
SER_235338AAA517287.PDF,PAGINA 4,DIST19,M,1.100,0.100,0.100,1.075,-0.025,0.000
SER_235338AAA517287.PDF,PAGINA 4,DIST47,M,1.600,0.100,0.100,1.632,0.032,0.000
SER_235338AAA517287.PDF,PAGINA 4,DIST2O,M,2.050,0.150,0.150,2.088,0.038,0.000
SER_235338AAA517287.PDF,PAGINA 5,DIST21,M,1.600,0.100,0.100,1.662,0.062,0.000
SER_235338AAA517287.PDF,PAGINA 5,DIST21,M,1.610,0.100,0.100,1.662,0.052,0.000
SER_235338AAA517287.PDF,PAGINA 5,DIST38,M,1.100,0.100,0.100,1.082,-0.018,0.000
SER_235338AAA517287.PDF,PAGINA 5,DIST22,M,2.000,0.100,0.100,2.034,0.034,0.000
SER_235338AAA517287.PDF,PAGINA 5,DIST23,M,2.000,0.100,0.100,1.993,-0.007,0.000
SER_235338AAA517287.PDF,PAGINA 5,DIST24,M,1.610,0.100,0.100,1.640,0.030,0.000
SER_235338AAA517287.PDF,PAGINA 5,DIST25,M,1.100,0.100,0.100,1.108,0.008,0.000
SER_235338AAA517287.PDF,PAGINA 5,DIST41,M,1.100,0.100,0.100,1.101,0.001,0.000
SER_235338AAA517287.PDF,PAGINA 5,DIST44,M,1.600,0.100,0.100,1.633,0.033,0.000
SER_235338AAA517287.PDF,PAGINA 6,DIST44,M,1.610,0.100,0.100,1.633,0.023,0.000
SER_235338AAA517287.PDF,PAGINA 6,DIST26,M,2.050,0.150,0.150,2.059,0.009,0.000
SER_235338AAA517287.PDF,PAGINA 6,DIST12,M,1.100,0.100,0.100,1.089,-0.011,0.000
SER_235338AAA517287.PDF,PAGINA 6,DIST15,M,6.800,0.100,0.100,6.846,0.046,0.000
SER_235338AAA517287.PDF,PAGINA 6,DIST31,M,6.800,0.100,0.100,6.842,-0.042,0.000
SER_235338AAA517287.PDF,PAGINA 6,DIST34,M,1.000,0.100,0.100,1.013,0.013,0.000
SER_235338AAA517287.PDF,PAGINA 6,DIST35,M,1.000,0.100,0.100,1.005,0.005,0.000
SER_235338AAA517288.PDF,PAGINA 1,DIST1,M,4.000,0.100,0.100,4.048,0.048,0.000
SER_235338AAA517288.PDF,PAGINA 1,DIST2,M,1.000,0.100,0.100,1.004,0.004,0.000
SER_235338AAA517288.PDF,PAGINA 1,FCFPROF1,Z,1,-0.124,0.009,0.296,0.000,0.000
SER_235338AAA517288.PDF,PAGINA 1,FCFPROF2,Z,1,-0.020,-0.029,0.092,0.000,0.000
SER_235338AAA517288.PDF,PAGINA 1,LOCZ,R,283.850,0.050,0.050,283.841,-0.009,0.000
SER_235338AAA517288.PDF,PAGINA 1,DIST3,M,1.000,0.100,0.100,1.003,0.003,0.000
SER_235338AAA517288.PDF,PAGINA 2,DIST4,M,4.000,0.100,0.100,4.051,0.051,0.000
SER_235338AAA517288.PDF,PAGINA 2,FCFPROF3,Z,1,0.095,0.013,0.030,0.000,0.000
SER_235338AAA517288.PDF,PAGINA 2,FCFPROF4,Z,1,-0.037,0.004,0.120,0.000,0.000
SER_235338AAA517288.PDF,PAGINA 2,DISTS,M,7.200,0.100,0.100,7.264,0.064,0.000
SER_235338AAA517288.PDF,PAGINA 3,DIST16,M,7.200,0.100,0.100,7.279,0.079,0.000
SER_235338AAA517288.PDF,PAGINA 3,FCFPROFZ,Z,1,0.000,-0.188,0.765,0.000,0.000
SER_235338AAA517288.PDF,PAGINA 3,FCFPROF8,Z,1,0.064,-0.003,0.102,0.000,0.000
SER_235338AAA517288.PDF,PAGINA 3,DIST8,M,1.000,0.100,0.100,1.026,0.026,0.000
SER_235338AAA517288.PDF,PAGINA 3,LOC19,R,3.000,0.150,0.150,2.933,-0.067,0.000
SER_235338AAA517288.PDF,PAGINA 3,LOC2O,R,3.000,0.150,0.150,2.966,-0.034,0.000
SER_235338AAA517288.PDF,PAGINA 4,LOC21,R,3.000,0.150,0.150,2.945,-0.055,0.000
SER_235338AAA517288.PDF,PAGINA 4,LOC22,R,3.000,0.150,0.150,2.973,-0.027,0.000
SER_235338AAA517288.PDF,PAGINA 4,LOC23,R,3.000,0.150,0.150,2.930,-0.070,0.000
SER_235338AAA517288.PDF,PAGINA 4,LOC24,R,3.000,0.150,0.150,2.972,-0.028,0.000
SER_235338AAA517288.PDF,PAGINA 4,DIST9,M,3.050,0.100,0.100,3.093,0.043,0.000
SER_235338AAA517288.PDF,PAGINA 4,DIST1O,M,6.850,0.100,0.100,6.847,-0.003,0.000
SER_235338AAA517288.PDF,PAGINA 4,DIST11,M,3.050,0.100,0.100,3.099,0.049,0.000
SER_235338AAA517288.PDF,PAGINA 4,DIST17,M,6.850,0.100,0.100,6.857,0.007,0.000
SER_235338AAA517288.PDF,PAGINA 4,DIST18,M,1.610,0.100,0.100,1.638,0.029,0.000
SER_235338AAA517288.PDF,PAGINA 4,DIST19,M,1.100,0.100,0.100,1.091,-0.009,0.000
SER_235338AAA517288.PDF,PAGINA 4,DIST47,M,1.600,0.100,0.100,1.638,0.038,0.000
SER_235338AAA517288.PDF,PAGINA 4,DIST2O,M,2.050,0.150,0.150,2.101,0.050,0.000
SER_235338AAA517288.PDF,PAGINA 5,DIST21,M,1.600,0.100,0.100,1.661,0.061,0.000
SER_235338AAA517288.PDF,PAGINA 5,DIST21,M,1.610,0.100,0.100,1.661,0.051,0.000
SER_235338AAA517288.PDF,PAGINA 5,DIST38,M,1.100,0.100,0.100,1.077,-0.023,0.000
SER_235338AAA517288.PDF,PAGINA 5,DIST22,M,2.000,0.100,0.100,2.033,0.033,0.000
SER_235338AAA517288.PDF,PAGINA 5,DIST23,M,2.000,0.100,0.100,2.004,0.004,0.000
SER_235338AAA517288.PDF,PAGINA 5,DIST24,M,1.610,0.100,0.100,1.637,0.026,0.000
SER_235338AAA517288.PDF,PAGINA 5,DIST25,M,1.100,0.100,0.100,1.105,0.005,0.000
SER_235338AAA517288.PDF,PAGINA 5,DIST41,M,1.100,0.100,0.100,1.098,-0.003,0.000
SER_235338AAA517288.PDF,PAGINA 5,DIST44,M,1.600,0.100,0.100,1.629,0.029,0.000
SER_235338AAA517288.PDF,PAGINA 6,DIST44,M,1.610,0.100,0.100,1.629,0.019,0.000
SER_235338AAA517288.PDF,PAGINA 6,DIST26,M,2.050,0.150,0.150,2.068,0.018,0.000
SER_235338AAA517288.PDF,PAGINA 6,DIST12,M,1.100,0.100,0.100,1.085,-0.015,0.000
SER_235338AAA517288.PDF,PAGINA 6,DIST15,M,6.800,0.100,0.100,6.848,0.048,0.000
SER_235338AAA517288.PDF,PAGINA 6,DIST31,M,6.800,0.100,0.100,6.858,-0.058,0.000
SER_235338AAA517288.PDF,PAGINA 6,DIST34,M,1.000,0.100,0.100,1.010,0.010,0.000
SER_235338AAA517288.PDF,PAGINA 6,DIST35,M,1.000,0.100,0.100,1.009,0.009,0.000
SER_235338AAA517289.PDF,PAGINA 1,DIST1,M,4.000,0.100,0.100,4.048,0.048,0.000
SER_235338AAA517289.PDF,PAGINA 1,DIST2,M,1.000,0.100,0.100,1.020,0.020,0.000
SER_235338AAA517289.PDF,PAGINA 1,FCFPROF1,Z,1,0.102,0.092,0.266,0.000,0.000
SER_235338AAA517289.PDF,PAGINA 1,FCFPROF2,Z,1,-0.812,-0.263,0.053,0.000,0.000
SER_235338AAA517289.PDF,PAGINA 1,LOCZ,R,283.850,0.050,0.050,283.844,-0.006,0.000
SER_235338AAA517289.PDF,PAGINA 1,DIST3,M,1.000,0.100,0.100,1.008,0.008,0.000
SER_235338AAA517289.PDF,PAGINA 2,DIST4,M,4.000,0.100,0.100,4.052,0.052,0.000
SER_235338AAA517289.PDF,PAGINA 2,FCFPROF3,Z,1,0.048,0.006,0.026,0.000,0.000
SER_235338AAA517289.PDF,PAGINA 2,FCFPROF4,Z,1,0.021,0.018,0.121,0.000,0.000
SER_235338AAA517289.PDF,PAGINA 2,DISTS,M,7.200,0.100,0.100,7.268,0.068,0.000
SER_235338AAA517289.PDF,PAGINA 3,DIST16,M,7.200,0.100,0.100,7.282,0.083,0.000
SER_235338AAA517289.PDF,PAGINA 3,FCFPROFZ,Z,1,0.000,-0.182,0.787,0.000,0.000
SER_235338AAA517289.PDF,PAGINA 3,FCFPROF8,Z,1,0.098,-0.001,0.107,0.000,0.000
SER_235338AAA517289.PDF,PAGINA 3,DIST8,M,1.000,0.100,0.100,1.026,0.026,0.000
SER_235338AAA517289.PDF,PAGINA 3,LOC16,X,-1.000,0.100,0.100,-1.109,-0.109,0.009
SER_235338AAA517289.PDF,PAGINA 3,LOC19,R,3.000,0.150,0.150,2.943,-0.057,0.000
SER_235338AAA517289.PDF,PAGINA 3,LOC2O,R,3.000,0.150,0.150,2.970,-0.030,0.000
SER_235338AAA517289.PDF,PAGINA 4,LOC21,R,3.000,0.150,0.150,2.946,-0.054,0.000
SER_235338AAA517289.PDF,PAGINA 4,LOC22,R,3.000,0.150,0.150,2.969,-0.031,0.000
SER_235338AAA517289.PDF,PAGINA 4,LOC23,R,3.000,0.150,0.150,2.924,-0.076,0.000
SER_235338AAA517289.PDF,PAGINA 4,LOC24,R,3.000,0.150,0.150,2.962,-0.038,0.000
SER_235338AAA517289.PDF,PAGINA 4,DIST9,M,3.050,0.100,0.100,3.100,0.050,0.000
SER_235338AAA517289.PDF,PAGINA 4,DIST1O,M,6.850,0.100,0.100,6.845,-0.005,0.000
SER_235338AAA517289.PDF,PAGINA 4,DIST11,M,3.050,0.100,0.100,3.098,0.048,0.000
SER_235338AAA517289.PDF,PAGINA 4,DIST17,M,6.850,0.100,0.100,6.851,0.001,0.000
SER_235338AAA517289.PDF,PAGINA 4,DIST18,M,1.610,0.100,0.100,1.635,0.026,0.000
SER_235338AAA517289.PDF,PAGINA 4,DIST19,M,1.100,0.100,0.100,1.088,-0.012,0.000
SER_235338AAA517289.PDF,PAGINA 4,DIST47,M,1.600,0.100,0.100,1.635,0.035,0.000
SER_235338AAA517289.PDF,PAGINA 4,DIST2O,M,2.050,0.150,0.150,2.108,0.058,0.000
SER_235338AAA517289.PDF,PAGINA 5,DIST21,M,1.600,0.100,0.100,1.657,0.057,0.000
SER_235338AAA517289.PDF,PAGINA 5,DIST21,M,1.610,0.100,0.100,1.657,0.047,0.000
SER_235338AAA517289.PDF,PAGINA 5,DIST38,M,1.100,0.100,0.100,1.077,-0.023,0.000
SER_235338AAA517289.PDF,PAGINA 5,DIST22,M,2.000,0.100,0.100,2.043,0.043,0.000
SER_235338AAA517289.PDF,PAGINA 5,DIST23,M,2.000,0.100,0.100,1.996,-0.004,0.000
SER_235338AAA517289.PDF,PAGINA 5,DIST24,M,1.610,0.100,0.100,1.640,0.030,0.000
SER_235338AAA517289.PDF,PAGINA 5,DIST25,M,1.100,0.100,0.100,1.109,0.008,0.000
SER_235338AAA517289.PDF,PAGINA 5,DIST41,M,1.100,0.100,0.100,1.100,0.000,0.000
SER_235338AAA517289.PDF,PAGINA 5,DIST44,M,1.600,0.100,0.100,1.632,0.032,0.000
SER_235338AAA517289.PDF,PAGINA 6,DIST44,M,1.610,0.100,0.100,1.632,0.022,0.000
SER_235338AAA517289.PDF,PAGINA 6,DIST26,M,2.050,0.150,0.150,2.062,0.012,0.000
SER_235338AAA517289.PDF,PAGINA 6,DIST12,M,1.100,0.100,0.100,1.080,-0.020,0.000
SER_235338AAA517289.PDF,PAGINA 6,DIST15,M,6.800,0.100,0.100,6.857,0.057,0.000
SER_235338AAA517289.PDF,PAGINA 6,DIST31,M,6.800,0.100,0.100,6.850,-0.050,0.000
SER_235338AAA517289.PDF,PAGINA 6,DIST34,M,1.000,0.100,0.100,1.012,0.012,0.000
SER_235338AAA517289.PDF,PAGINA 6,DIST35,M,1.000,0.100,0.100,1.010,0.010,0.000
SER_235338AAA517290.PDF,PAGINA 1,DIST1,M,4.000,0.100,0.100,4.051,0.051,0.000
SER_235338AAA517290.PDF,PAGINA 1,DIST2,M,1.000,0.100,0.100,1.000,0.000,0.000
SER_235338AAA517290.PDF,PAGINA 1,FCFPROF1,Z,1,-0.079,0.035,00.294,0.000,0.000
SER_235338AAA517290.PDF,PAGINA 1,FCFPROF2,Z,1,0.015,-0.020,0.119,0.000,0.000
SER_235338AAA517290.PDF,PAGINA 1,LOCZ,R,283.850,0.050,0.050,283.846,-0.004,0.000
SER_235338AAA517290.PDF,PAGINA 1,DIST3,M,1.000,0.100,0.100,0.993,-0.007,0.000
SER_235338AAA517290.PDF,PAGINA 2,DIST4,M,4.000,0.100,0.100,4.056,0.056,0.000
SER_235338AAA517290.PDF,PAGINA 2,FCFPROF3,Z,1,-0.582,-0.104,0.027,0.000,0.000
SER_235338AAA517290.PDF,PAGINA 2,FCFPROF4,Z,1,0.010,0.013,0.116,0.000,0.000
SER_235338AAA517290.PDF,PAGINA 2,DISTS,M,7.200,0.100,0.100,7.274,0.074,0.000
SER_235338AAA517290.PDF,PAGINA 3,DIST16,M,7.200,0.100,0.100,7.287,0.087,0.000
SER_235338AAA517290.PDF,PAGINA 3,FCFPROFZ,Z,1,0.000,-0.185,0.795,0.000,0.000
SER_235338AAA517290.PDF,PAGINA 3,FCFPROF8,Z,1,0.000,0.017,0.133,0.000,0.000
SER_235338AAA517290.PDF,PAGINA 3,DIST8,M,1.000,0.100,0.100,1.023,0.023,0.000
SER_235338AAA517290.PDF,PAGINA 3,LOC19,R,3.000,0.150,0.150,2.943,-0.057,0.000
SER_235338AAA517290.PDF,PAGINA 3,LOC2O,R,3.000,0.150,0.150,2.972,-0.028,0.000
SER_235338AAA517290.PDF,PAGINA 4,LOC21,R,3.000,0.150,0.150,2.944,-0.056,0.000
SER_235338AAA517290.PDF,PAGINA 4,LOC22,R,3.000,0.150,0.150,2.948,-0.052,0.000
SER_235338AAA517290.PDF,PAGINA 4,LOC23,R,3.000,0.150,0.150,2.925,-0.075,0.000
SER_235338AAA517290.PDF,PAGINA 4,LOC24,R,3.000,0.150,0.150,2.974,-0.026,0.000
SER_235338AAA517290.PDF,PAGINA 4,DIST9,M,3.050,0.100,0.100,3.094,0.044,0.000
SER_235338AAA517290.PDF,PAGINA 4,DIST1O,M,6.850,0.100,0.100,6.845,-0.005,0.000
SER_235338AAA517290.PDF,PAGINA 4,DIST11,M,3.050,0.100,0.100,3.098,0.048,0.000
SER_235338AAA517290.PDF,PAGINA 4,DIST17,M,6.850,0.100,0.100,6.849,-0.001,0.000
SER_235338AAA517290.PDF,PAGINA 4,DIST18,M,1.610,0.100,0.100,1.639,0.029,0.000
SER_235338AAA517290.PDF,PAGINA 4,DIST19,M,1.100,0.100,0.100,1.080,-0.019,0.000
SER_235338AAA517290.PDF,PAGINA 4,DIST47,M,1.600,0.100,0.100,1.639,0.039,0.000
SER_235338AAA517290.PDF,PAGINA 4,DIST2O,M,2.050,0.150,0.150,2.139,0.089,0.000
SER_235338AAA517290.PDF,PAGINA 5,DIST21,M,1.600,0.100,0.100,1.661,0.061,0.000
SER_235338AAA517290.PDF,PAGINA 5,DIST21,M,1.610,0.100,0.100,1.661,0.051,0.000
SER_235338AAA517290.PDF,PAGINA 5,DIST38,M,1.100,0.100,0.100,1.078,-0.022,0.000
SER_235338AAA517290.PDF,PAGINA 5,DIST22,M,2.000,0.100,0.100,2.038,0.038,0.000
SER_235338AAA517290.PDF,PAGINA 5,DIST23,M,2.000,0.100,0.100,1.998,-0.002,0.000
SER_235338AAA517290.PDF,PAGINA 5,DIST24,M,1.610,0.100,0.100,1.643,0.033,0.000
SER_235338AAA517290.PDF,PAGINA 5,DIST25,M,1.100,0.100,0.100,1.107,0.007,0.000
SER_235338AAA517290.PDF,PAGINA 5,DIST41,M,1.100,0.100,0.100,1.099,-0.001,0.000
SER_235338AAA517290.PDF,PAGINA 5,DIST44,M,1.600,0.100,0.100,1.636,0.036,0.000
SER_235338AAA517290.PDF,PAGINA 6,DIST44,M,1.610,0.100,0.100,1.636,0.026,0.000
SER_235338AAA517290.PDF,PAGINA 6,DIST26,M,2.050,0.150,0.150,2.071,0.021,0.000
SER_235338AAA517290.PDF,PAGINA 6,DIST12,M,1.100,0.100,0.100,1.083,-0.017,0.000
SER_235338AAA517290.PDF,PAGINA 6,DIST15,M,6.800,0.100,0.100,6.855,0.055,0.000
SER_235338AAA517290.PDF,PAGINA 6,DIST31,M,6.800,0.100,0.100,6.850,-0.050,0.000
SER_235338AAA517290.PDF,PAGINA 6,DIST34,M,1.000,0.100,0.100,1.015,0.015,0.000
SER_235338AAA517290.PDF,PAGINA 6,DIST35,M,1.000,0.100,0.100,1.005,0.005,0.000
SER_235338AAA517291.PDF,PAGINA 1,DIST1,M,4.000,0.100,0.100,4.055,0.055,0.000
SER_235338AAA517291.PDF,PAGINA 1,DIST2,M,1.000,0.100,0.100,1.013,0.013,0.000
SER_235338AAA517291.PDF,PAGINA 1,FCFPROF1,Z,1,0.111,0.107,0.348,0.000,0.000
SER_235338AAA517291.PDF,PAGINA 1,FCFPROF2,Z,1,-0.569,-0.190,0.049,0.000,0.000
SER_235338AAA517291.PDF,PAGINA 1,LOCZ,R,283.850,0.050,0.050,283.835,-0.015,0.000
SER_235338AAA517291.PDF,PAGINA 1,DIST3,M,1.000,0.100,0.100,1.021,0.021,0.000
SER_235338AAA517291.PDF,PAGINA 2,DIST4,M,4.000,0.100,0.100,4.056,0.056,0.000
SER_235338AAA517291.PDF,PAGINA 2,FCFPROF3,Z,1,0.026,0.002,0.010,0.000,0.000
SER_235338AAA517291.PDF,PAGINA 2,FCFPROF4,Z,1,0.799,0.155,0.134,0.000,0.000
SER_235338AAA517291.PDF,PAGINA 2,DISTS,M,7.200,0.100,0.100,7.199,-0.002,0.000
SER_235338AAA517291.PDF,PAGINA 3,DIST16,M,7.200,0.100,0.100,7.212,0.013,0.000
SER_235338AAA517291.PDF,PAGINA 3,FCFPROFZ,Z,1,0.000,-0.118,0.563,0.000,0.000
SER_235338AAA517291.PDF,PAGINA 3,FCFPROF8,Z,1,0.000,-0.064,0.262,0.000,0.000
SER_235338AAA517291.PDF,PAGINA 3,DIST8,M,1.000,0.100,0.100,1.007,0.007,0.000
SER_235338AAA517291.PDF,PAGINA 3,LOC19,R,3.000,0.150,0.150,2.949,-0.051,0.000
SER_235338AAA517291.PDF,PAGINA 3,LOC2O,R,3.000,0.150,0.150,2.955,-0.045,0.000
SER_235338AAA517291.PDF,PAGINA 4,LOC21,R,3.000,0.150,0.150,2.963,-0.037,0.000
SER_235338AAA517291.PDF,PAGINA 4,LOC22,R,3.000,0.150,0.150,2.969,-0.031,0.000
SER_235338AAA517291.PDF,PAGINA 4,LOC23,R,3.000,0.150,0.150,2.945,-0.055,0.000
SER_235338AAA517291.PDF,PAGINA 4,LOC24,R,3.000,0.150,0.150,2.969,-0.031,0.000
SER_235338AAA517291.PDF,PAGINA 4,DIST9,M,3.050,0.100,0.100,3.113,0.063,0.000
SER_235338AAA517291.PDF,PAGINA 4,DIST1O,M,6.850,0.100,0.100,6.860,0.010,0.000
SER_235338AAA517291.PDF,PAGINA 4,DIST11,M,3.050,0.100,0.100,3.107,0.057,0.000
SER_235338AAA517291.PDF,PAGINA 4,DIST17,M,6.850,0.100,0.100,6.851,0.001,0.000
SER_235338AAA517291.PDF,PAGINA 4,DIST18,M,1.610,0.100,0.100,1.654,0.044,0.000
SER_235338AAA517291.PDF,PAGINA 4,DIST19,M,1.100,0.100,0.100,1.079,-0.021,0.000
SER_235338AAA517291.PDF,PAGINA 4,DIST47,M,1.600,0.100,0.100,1.654,0.054,0.000
SER_235338AAA517291.PDF,PAGINA 4,DIST2O,M,2.050,0.150,0.150,2.230,0.180,0.030
SER_235338AAA517291.PDF,PAGINA 5,DIST21,M,1.600,0.100,0.100,1.634,0.034,0.000
SER_235338AAA517291.PDF,PAGINA 5,DIST21,M,1.610,0.100,0.100,1.634,0.024,0.000
SER_235338AAA517291.PDF,PAGINA 5,DIST38,M,1.100,0.100,0.100,1.085,-0.015,0.000
SER_235338AAA517291.PDF,PAGINA 5,DIST22,M,2.000,0.100,0.100,1.371,-0.628,0.528
SER_235338AAA517291.PDF,PAGINA 5,DIST23,M,2.000,0.100,0.100,1.990,-0.010,0.000
SER_235338AAA517291.PDF,PAGINA 5,DIST24,M,1.610,0.100,0.100,1.711,0.101,0.001
SER_235338AAA517291.PDF,PAGINA 5,DIST25,M,1.100,0.100,0.100,1.099,-0.001,0.000
SER_235338AAA517291.PDF,PAGINA 5,DIST41,M,1.100,0.100,0.100,1.092,-0.009,0.000
SER_235338AAA517291.PDF,PAGINA 5,DIST44,M,1.600,0.100,0.100,1.704,0.104,0.004
SER_235338AAA517291.PDF,PAGINA 6,DIST44,M,1.610,0.100,0.100,1.704,0.094,0.000
SER_235338AAA517291.PDF,PAGINA 6,DIST26,M,2.050,0.150,0.150,2.069,0.019,0.000
SER_235338AAA517291.PDF,PAGINA 6,DIST12,M,1.100,0.100,0.100,1.094,-0.006,0.000
SER_235338AAA517291.PDF,PAGINA 6,DIST15,M,6.800,0.100,0.100,6.827,0.027,0.000
SER_235338AAA517291.PDF,PAGINA 6,DIST31,M,6.800,0.100,0.100,6.833,-0.033,0.000
SER_235338AAA517291.PDF,PAGINA 6,DIST34,M,1.000,0.100,0.100,1.005,0.005,0.000
SER_235338AAA517291.PDF,PAGINA 6,DIST35,M,1.000,0.100,0.100,1.002,0.002,0.000
SER_235338AAA517292.PDF,PAGINA 1,DIST1,M,4.000,0.100,0.100,4.055,0.055,0.000
SER_235338AAA517292.PDF,PAGINA 1,DIST2,M,1.000,0.100,0.100,1.027,0.027,0.000
SER_235338AAA517292.PDF,PAGINA 1,FCFPROF1,Z,1,1.087,0.443,0.248,0.000,0.000
SER_235338AAA517292.PDF,PAGINA 1,FCFPROF2,Z,1,-0.626,0.209,0.070,0.000,0.000
SER_235338AAA517292.PDF,PAGINA 1,LOCZ,R,283.850,0.050,0.050,283.841,-0.009,0.000
SER_235338AAA517292.PDF,PAGINA 1,DIST3,M,1.000,0.100,0.100,1.016,0.016,0.000
SER_235338AAA517292.PDF,PAGINA 2,DIST4,M,4.000,0.100,0.100,4.060,0.060,0.000
SER_235338AAA517292.PDF,PAGINA 2,FCFPROF3,Z,1,-0.490,-0.088,0.017,0.000,0.000
SER_235338AAA517292.PDF,PAGINA 2,FCFPROF4,Z,1,-0.037,0.006,0.140,0.000,0.000
SER_235338AAA517292.PDF,PAGINA 2,DISTS,M,7.200,0.100,0.100,7.200,0.000,0.000
SER_235338AAA517292.PDF,PAGINA 3,DIST16,M,7.200,0.100,0.100,7.212,0.012,0.000
SER_235338AAA517292.PDF,PAGINA 3,FCFPROFZ,Z,1,0.000,-0.128,0.454,0.000,0.000
SER_235338AAA517292.PDF,PAGINA 3,FCFPROF8,Z,1,0.000,-0.060,0.185,0.000,0.000
SER_235338AAA517292.PDF,PAGINA 3,DIST8,M,1.000,0.100,0.100,1.002,0.002,0.000
SER_235338AAA517292.PDF,PAGINA 3,LOC19,R,3.000,0.150,0.150,2.949,-0.051,0.000
SER_235338AAA517292.PDF,PAGINA 3,LOC2O,R,3.000,0.150,0.150,2.965,-0.035,0.000
SER_235338AAA517292.PDF,PAGINA 4,LOC21,R,3.000,0.150,0.150,2.941,-0.059,0.000
SER_235338AAA517292.PDF,PAGINA 4,LOC22,R,3.000,0.150,0.150,2.968,-0.032,0.000
SER_235338AAA517292.PDF,PAGINA 4,LOC23,R,3.000,0.150,0.150,2.937,-0.063,0.000
SER_235338AAA517292.PDF,PAGINA 4,LOC24,R,3.000,0.150,0.150,2.985,-0.015,0.000
SER_235338AAA517292.PDF,PAGINA 4,DIST9,M,3.050,0.100,0.100,3.100,0.050,0.000
SER_235338AAA517292.PDF,PAGINA 4,DIST1O,M,6.850,0.100,0.100,6.842,-0.008,0.000
SER_235338AAA517292.PDF,PAGINA 4,DIST11,M,3.050,0.100,0.100,3.110,0.060,0.000
SER_235338AAA517292.PDF,PAGINA 4,DIST17,M,6.850,0.100,0.100,6.856,0.006,0.000
SER_235338AAA517292.PDF,PAGINA 4,DIST18,M,1.610,0.100,0.100,1.652,0.042,0.000
SER_235338AAA517292.PDF,PAGINA 4,DIST19,M,1.100,0.100,0.100,1.094,-0.005,0.000
SER_235338AAA517292.PDF,PAGINA 4,DIST47,M,1.600,0.100,0.100,1.652,0.052,0.000
SER_235338AAA517292.PDF,PAGINA 4,DIST2O,M,2.050,0.150,0.150,2.183,0.132,0.000
SER_235338AAA517292.PDF,PAGINA 5,DIST21,M,1.600,0.100,0.100,1.621,0.021,0.000
SER_235338AAA517292.PDF,PAGINA 5,DIST21,M,1.610,0.100,0.100,1.621,0.011,0.000
SER_235338AAA517292.PDF,PAGINA 5,DIST38,M,1.100,0.100,0.100,1.080,-0.020,0.000
SER_235338AAA517292.PDF,PAGINA 5,DIST22,M,2.000,0.100,0.100,2.046,0.046,0.000
SER_235338AAA517292.PDF,PAGINA 5,DIST23,M,2.000,0.100,0.100,1.993,-0.007,0.000
SER_235338AAA517292.PDF,PAGINA 5,DIST24,M,1.610,0.100,0.100,1.652,0.042,0.000
SER_235338AAA517292.PDF,PAGINA 5,DIST25,M,1.100,0.100,0.100,1.111,0.011,0.000
SER_235338AAA517292.PDF,PAGINA 5,DIST41,M,1.100,0.100,0.100,1.103,0.003,0.000
SER_235338AAA517292.PDF,PAGINA 5,DIST44,M,1.600,0.100,0.100,1.644,0.044,0.000
SER_235338AAA517292.PDF,PAGINA 6,DIST44,M,1.610,0.100,0.100,1.644,0.034,0.000
SER_235338AAA517292.PDF,PAGINA 6,DIST26,M,2.050,0.150,0.150,2.071,0.021,0.000
SER_235338AAA517292.PDF,PAGINA 6,DIST12,M,1.100,0.100,0.100,1.081,-0.019,0.000
SER_235338AAA517292.PDF,PAGINA 6,DIST15,M,6.800,0.100,0.100,6.827,0.027,0.000
SER_235338AAA517292.PDF,PAGINA 6,DIST31,M,6.800,0.100,0.100,6.826,-0.026,0.000
SER_235338AAA517292.PDF,PAGINA 6,DIST34,M,1.000,0.100,0.100,1.001,0.001,0.000
SER_235338AAA517292.PDF,PAGINA 6,DIST35,M,1.000,0.100,0.100,0.994,-0.006,0.000
SER_235338AAA517293.PDF,PAGINA 1,DIST1,M,4.000,0.100,0.100,4.058,0.058,0.000
SER_235338AAA517293.PDF,PAGINA 1,DIST2,M,1.000,0.100,0.100,1.017,0.017,0.000
SER_235338AAA517293.PDF,PAGINA 1,FCFPROF1,Z,1,0.098,0.099,0.317,0.000,0.000
SER_235338AAA517293.PDF,PAGINA 1,FCFPROF2,Z,1,-0.333,-0.129,0.109,0.000,0.000
SER_235338AAA517293.PDF,PAGINA 1,LOCZ,R,283.850,0.050,0.050,283.840,-0.010,0.000
SER_235338AAA517293.PDF,PAGINA 1,DIST3,M,1.000,0.100,0.100,1.008,0.008,0.000
SER_235338AAA517293.PDF,PAGINA 2,DIST4,M,4.000,0.100,0.100,4.060,0.060,0.000
SER_235338AAA517293.PDF,PAGINA 2,FCFPROF3,Z,1,-0.228,-0.043,0.026,0.000,0.000
SER_235338AAA517293.PDF,PAGINA 2,FCFPROF4,Z,1,0.740,0.144,0.123,0.000,0.000
SER_235338AAA517293.PDF,PAGINA 2,DISTS,M,7.200,0.100,0.100,7.205,0.005,0.000
SER_235338AAA517293.PDF,PAGINA 3,DIST16,M,7.200,0.100,0.100,7.218,0.018,0.000
SER_235338AAA517293.PDF,PAGINA 3,FCFPROFZ,Z,1,0.000,-0.109,0.476,0.000,0.000
SER_235338AAA517293.PDF,PAGINA 3,FCFPROF8,Z,1,0.000,-0.049,0.165,0.000,0.000
SER_235338AAA517293.PDF,PAGINA 3,DIST8,M,1.000,0.100,0.100,1.001,0.001,0.000
SER_235338AAA517293.PDF,PAGINA 3,LOC19,R,3.000,0.150,0.150,2.945,-0.055,0.000
SER_235338AAA517293.PDF,PAGINA 3,LOC2O,R,3.000,0.150,0.150,2.972,-0.028,0.000
SER_235338AAA517293.PDF,PAGINA 4,LOC21,R,3.000,0.150,0.150,2.939,-0.061,0.000
SER_235338AAA517293.PDF,PAGINA 4,LOC22,R,3.000,0.150,0.150,2.971,-0.029,0.000
SER_235338AAA517293.PDF,PAGINA 4,LOC23,R,3.000,0.150,0.150,2.934,-0.066,0.000
SER_235338AAA517293.PDF,PAGINA 4,LOC24,R,3.000,0.150,0.150,2.974,-0.026,0.000
SER_235338AAA517293.PDF,PAGINA 4,DIST9,M,3.050,0.100,0.100,3.105,0.055,0.000
SER_235338AAA517293.PDF,PAGINA 4,DIST1O,M,6.850,0.100,0.100,6.846,-0.004,0.000
SER_235338AAA517293.PDF,PAGINA 4,DIST11,M,3.050,0.100,0.100,3.104,0.054,0.000
SER_235338AAA517293.PDF,PAGINA 4,DIST17,M,6.850,0.100,0.100,6.845,-0.005,0.000
SER_235338AAA517293.PDF,PAGINA 4,DIST18,M,1.610,0.100,0.100,1.651,0.042,0.000
SER_235338AAA517293.PDF,PAGINA 4,DIST19,M,1.100,0.100,0.100,1.062,-0.037,0.000
SER_235338AAA517293.PDF,PAGINA 4,DIST47,M,1.600,0.100,0.100,1.651,0.051,0.000
SER_235338AAA517293.PDF,PAGINA 4,DIST2O,M,2.050,0.150,0.150,2.196,0.145,0.000
SER_235338AAA517293.PDF,PAGINA 5,DIST21,M,1.600,0.100,0.100,1.628,0.028,0.000
SER_235338AAA517293.PDF,PAGINA 5,DIST21,M,1.610,0.100,0.100,1.628,0.018,0.000
SER_235338AAA517293.PDF,PAGINA 5,DIST38,M,1.100,0.100,0.100,1.074,-0.026,0.000
SER_235338AAA517293.PDF,PAGINA 5,DIST22,M,2.000,0.100,0.100,2.044,0.044,0.000
SER_235338AAA517293.PDF,PAGINA 5,DIST23,M,2.000,0.100,0.100,2.003,0.003,0.000
SER_235338AAA517293.PDF,PAGINA 5,DIST24,M,1.610,0.100,0.100,1.650,0.040,0.000
SER_235338AAA517293.PDF,PAGINA 5,DIST25,M,1.100,0.100,0.100,1.102,0.002,0.000
SER_235338AAA517293.PDF,PAGINA 5,DIST41,M,1.100,0.100,0.100,1.096,-0.004,0.000
SER_235338AAA517293.PDF,PAGINA 5,DIST44,M,1.600,0.100,0.100,1.645,0.045,0.000
SER_235338AAA517293.PDF,PAGINA 6,DIST44,M,1.610,0.100,0.100,1.645,0.035,0.000
SER_235338AAA517293.PDF,PAGINA 6,DIST26,M,2.050,0.150,0.150,2.083,0.033,0.000
SER_235338AAA517293.PDF,PAGINA 6,DIST12,M,1.100,0.100,0.100,1.080,-0.020,0.000
SER_235338AAA517293.PDF,PAGINA 6,DIST15,M,6.800,0.100,0.100,6.832,0.032,0.000
SER_235338AAA517293.PDF,PAGINA 6,DIST31,M,6.800,0.100,0.100,6.831,-0.031,0.000
SER_235338AAA517293.PDF,PAGINA 6,DIST34,M,1.000,0.100,0.100,1.000,0.000,0.000
SER_235338AAA517293.PDF,PAGINA 6,DIST35,M,1.000,0.100,0.100,0.996,-0.004,0.000
SER_235338AAA517294.PDF,PAGINA 1,DIST1,M,4.000,0.100,0.100,4.055,0.055,0.000
SER_235338AAA517294.PDF,PAGINA 1,DIST2,M,1.000,0.100,0.100,1.022,0.022,0.000
SER_235338AAA517294.PDF,PAGINA 1,FCFPROF1,Z,1,4.015,1.459,0.077,0.000,0.000
SER_235338AAA517294.PDF,PAGINA 1,FCFPROF2,Z,1,-0.068,-0.045,0.113,0.000,0.000
SER_235338AAA517294.PDF,PAGINA 1,LOCZ,R,283.850,0.050,0.050,283.842,-0.008,0.000
SER_235338AAA517294.PDF,PAGINA 1,DIST3,M,1.000,0.100,0.100,1.015,0.015,0.000
SER_235338AAA517294.PDF,PAGINA 2,DIST4,M,4.000,0.100,0.100,4.061,0.061,0.000
SER_235338AAA517294.PDF,PAGINA 2,FCFPROF3,Z,1,0.341,0.061,0.039,0.000,0.000
SER_235338AAA517294.PDF,PAGINA 2,FCFPROF4,Z,1,-0.044,0.007,0.142,0.000,0.000
SER_235338AAA517294.PDF,PAGINA 2,DISTS,M,7.200,0.100,0.100,7.211,0.011,0.000
SER_235338AAA517294.PDF,PAGINA 3,DIST16,M,7.200,0.100,0.100,7.221,0.021,0.000
SER_235338AAA517294.PDF,PAGINA 3,FCFPROFZ,Z,1,0.000,-0.112,0.448,0.000,0.000
SER_235338AAA517294.PDF,PAGINA 3,FCFPROF8,Z,1,0.000,-0.040,0.130,0.000,0.000
SER_235338AAA517294.PDF,PAGINA 3,DIST8,M,1.000,0.100,0.100,0.999,-0.001,0.000
SER_235338AAA517294.PDF,PAGINA 3,LOC19,R,3.000,0.150,0.150,2.952,-0.048,0.000
SER_235338AAA517294.PDF,PAGINA 3,LOC2O,R,3.000,0.150,0.150,2.964,-0.036,0.000
SER_235338AAA517294.PDF,PAGINA 4,LOC21,R,3.000,0.150,0.150,2.945,-0.055,0.000
SER_235338AAA517294.PDF,PAGINA 4,LOC22,R,3.000,0.150,0.150,2.963,-0.037,0.000
SER_235338AAA517294.PDF,PAGINA 4,LOC23,R,3.000,0.150,0.150,2.943,-0.057,0.000
SER_235338AAA517294.PDF,PAGINA 4,LOC24,R,3.000,0.150,0.150,2.983,-0.017,0.000
SER_235338AAA517294.PDF,PAGINA 4,DIST9,M,3.050,0.100,0.100,3.103,0.053,0.000
SER_235338AAA517294.PDF,PAGINA 4,DIST1O,M,6.850,0.100,0.100,6.842,-0.008,0.000
SER_235338AAA517294.PDF,PAGINA 4,DIST11,M,3.050,0.100,0.100,3.107,0.057,0.000
SER_235338AAA517294.PDF,PAGINA 4,DIST17,M,6.850,0.100,0.100,6.850,0.000,0.000
SER_235338AAA517294.PDF,PAGINA 4,DIST18,M,1.610,0.100,0.100,1.648,0.038,0.000
SER_235338AAA517294.PDF,PAGINA 4,DIST19,M,1.100,0.100,0.100,1.061,-0.039,0.000
SER_235338AAA517294.PDF,PAGINA 4,DIST47,M,1.600,0.100,0.100,1.648,0.048,0.000
SER_235338AAA517294.PDF,PAGINA 4,DIST2O,M,2.050,0.150,0.150,2.166,0.116,0.000
SER_235338AAA517294.PDF,PAGINA 5,DIST21,M,1.600,0.100,0.100,1.633,0.033,0.000
SER_235338AAA517294.PDF,PAGINA 5,DIST21,M,1.610,0.100,0.100,1.633,0.023,0.000
SER_235338AAA517294.PDF,PAGINA 5,DIST38,M,1.100,0.100,0.100,1.071,-0.029,0.000
SER_235338AAA517294.PDF,PAGINA 5,DIST22,M,2.000,0.100,0.100,2.035,0.036,0.000
SER_235338AAA517294.PDF,PAGINA 5,DIST23,M,2.000,0.100,0.100,2.003,0.003,0.000
SER_235338AAA517294.PDF,PAGINA 5,DIST24,M,1.610,0.100,0.100,1.680,0.069,0.000
SER_235338AAA517294.PDF,PAGINA 5,DIST25,M,1.100,0.100,0.100,1.104,0.003,0.000
SER_235338AAA517294.PDF,PAGINA 5,DIST41,M,1.100,0.100,0.100,1.095,-0.005,0.000
SER_235338AAA517294.PDF,PAGINA 5,DIST44,M,1.600,0.100,0.100,1.671,0.071,0.000
SER_235338AAA517294.PDF,PAGINA 6,DIST44,M,1.610,0.100,0.100,1.671,0.061,0.000
SER_235338AAA517294.PDF,PAGINA 6,DIST26,M,2.050,0.150,0.150,2.080,0.030,0.000
SER_235338AAA517294.PDF,PAGINA 6,DIST12,M,1.100,0.100,0.100,1.081,-0.019,0.000
SER_235338AAA517294.PDF,PAGINA 6,DIST15,M,6.800,0.100,0.100,6.832,0.032,0.000
SER_235338AAA517294.PDF,PAGINA 6,DIST31,M,6.800,0.100,0.100,6.835,-0.035,0.000
SER_235338AAA517294.PDF,PAGINA 6,DIST34,M,1.000,0.100,0.100,0.996,-0.004,0.000
SER_235338AAA517294.PDF,PAGINA 6,DIST35,M,1.000,0.100,0.100,0.992,-0.008,0.000
SER_235338AAA517295.PDF,PAGINA 1,DIST1,M,4.000,0.100,0.100,4.059,0.059,0.000
SER_235338AAA517295.PDF,PAGINA 1,DIST2,M,1.000,0.100,0.100,1.029,0.029,0.000
SER_235338AAA517295.PDF,PAGINA 1,FCFPROF1,Z,1,0.204,0.146,0.380,0.000,0.000
SER_235338AAA517295.PDF,PAGINA 1,FCFPROF2,Z,1,-0.485,-0.161,0.050,0.000,0.000
SER_235338AAA517295.PDF,PAGINA 1,LOCZ,R,283.850,0.050,0.050,283.842,-0.008,0.000
SER_235338AAA517295.PDF,PAGINA 1,DIST3,M,1.000,0.100,0.100,1.018,0.018,0.000
SER_235338AAA517295.PDF,PAGINA 2,DIST4,M,4.000,0.100,0.100,4.064,0.064,0.000
SER_235338AAA517295.PDF,PAGINA 2,FCFPROF3,Z,1,0.049,0.007,0.015,0.000,0.000
SER_235338AAA517295.PDF,PAGINA 2,FCFPROF4,Z,1,0.142,0.042,0.164,0.000,0.000
SER_235338AAA517295.PDF,PAGINA 2,DISTS,M,7.200,0.100,0.100,7.214,0.014,0.000
SER_235338AAA517295.PDF,PAGINA 3,DIST16,M,7.200,0.100,0.100,7.224,0.025,0.000
SER_235338AAA517295.PDF,PAGINA 3,FCFPROFZ,Z,1,0.000,-0.153,0.660,0.000,0.000
SER_235338AAA517295.PDF,PAGINA 3,FCFPROF8,Z,1,0.000,-0.071,0.232,0.000,0.000
SER_235338AAA517295.PDF,PAGINA 3,DIST8,M,1.000,0.100,0.100,0.997,-0.003,0.000
SER_235338AAA517295.PDF,PAGINA 3,LOC19,R,3.000,0.150,0.150,2.942,-0.058,0.000
SER_235338AAA517295.PDF,PAGINA 3,LOC2O,R,3.000,0.150,0.150,2.970,-0.030,0.000
SER_235338AAA517295.PDF,PAGINA 4,LOC21,R,3.000,0.150,0.150,2.952,-0.048,0.000
SER_235338AAA517295.PDF,PAGINA 4,LOC22,R,3.000,0.150,0.150,2.952,-0.048,0.000
SER_235338AAA517295.PDF,PAGINA 4,LOC23,R,3.000,0.150,0.150,2.932,-0.068,0.000
SER_235338AAA517295.PDF,PAGINA 4,LOC24,R,3.000,0.150,0.150,2.974,-0.026,0.000
SER_235338AAA517295.PDF,PAGINA 4,DIST9,M,3.050,0.100,0.100,3.102,0.052,0.000
SER_235338AAA517295.PDF,PAGINA 4,DIST1O,M,6.850,0.100,0.100,6.854,0.004,0.000
SER_235338AAA517295.PDF,PAGINA 4,DIST11,M,3.050,0.100,0.100,3.122,0.072,0.000
SER_235338AAA517295.PDF,PAGINA 4,DIST17,M,6.850,0.100,0.100,6.884,0.034,0.000
SER_235338AAA517295.PDF,PAGINA 4,DIST18,M,1.610,0.100,0.100,1.651,0.042,0.000
SER_235338AAA517295.PDF,PAGINA 4,DIST19,M,1.100,0.100,0.100,1.086,-0.014,0.000
SER_235338AAA517295.PDF,PAGINA 4,DIST47,M,1.600,0.100,0.100,1.651,0.051,0.000
SER_235338AAA517295.PDF,PAGINA 4,DIST2O,M,2.050,0.150,0.150,2.104,0.054,0.000
SER_235338AAA517295.PDF,PAGINA 5,DIST21,M,1.600,0.100,0.100,1.663,0.063,0.000
SER_235338AAA517295.PDF,PAGINA 5,DIST21,M,1.610,0.100,0.100,1.663,0.053,0.000
SER_235338AAA517295.PDF,PAGINA 5,DIST38,M,1.100,0.100,0.100,1.072,-0.028,0.000
SER_235338AAA517295.PDF,PAGINA 5,DIST22,M,2.000,0.100,0.100,2.058,0.058,0.000
SER_235338AAA517295.PDF,PAGINA 5,DIST23,M,2.000,0.100,0.100,1.989,-0.011,0.000
SER_235338AAA517295.PDF,PAGINA 5,DIST24,M,1.610,0.100,0.100,1.645,0.035,0.000
SER_235338AAA517295.PDF,PAGINA 5,DIST25,M,1.100,0.100,0.100,1.094,-0.007,0.000
SER_235338AAA517295.PDF,PAGINA 5,DIST41,M,1.100,0.100,0.100,1.089,-0.012,0.000
SER_235338AAA517295.PDF,PAGINA 5,DIST44,M,1.600,0.100,0.100,1.640,0.040,0.000
SER_235338AAA517295.PDF,PAGINA 6,DIST44,M,1.610,0.100,0.100,1.640,0.030,0.000
SER_235338AAA517295.PDF,PAGINA 6,DIST26,M,2.050,0.150,0.150,2.057,0.007,0.000
SER_235338AAA517295.PDF,PAGINA 6,DIST12,M,1.100,0.100,0.100,1.112,0.012,0.000
SER_235338AAA517295.PDF,PAGINA 6,DIST15,M,6.800,0.100,0.100,6.831,0.031,0.000
SER_235338AAA517295.PDF,PAGINA 6,DIST31,M,6.800,0.100,0.100,6.889,-0.089,0.000
SER_235338AAA517295.PDF,PAGINA 6,DIST34,M,1.000,0.100,0.100,0.993,-0.007,0.000
SER_235338AAA517295.PDF,PAGINA 6,DIST35,M,1.000,0.100,0.100,0.990,-0.010,0.000
SER_235338AAA517296.PDF,PAGINA 1,DIST1,M,4.000,0.100,0.100,4.059,0.059,0.000
SER_235338AAA517296.PDF,PAGINA 1,DIST2,M,1.000,0.100,0.100,1.020,0.020,0.000
SER_235338AAA517296.PDF,PAGINA 1,FCFPROF1,Z,1,1.203,0.484,0.229,0.000,0.000
SER_235338AAA517296.PDF,PAGINA 1,FCFPROF2,Z,1,0.011,-0.028,0.141,0.000,0.000
SER_235338AAA517296.PDF,PAGINA 1,LOCZ,R,283.850,0.050,0.050,283.839,-0.011,0.000
SER_235338AAA517296.PDF,PAGINA 1,DIST3,M,1.000,0.100,0.100,1.021,0.021,0.000
SER_235338AAA517296.PDF,PAGINA 2,DIST4,M,4.000,0.100,0.100,4.064,0.064,0.000
SER_235338AAA517296.PDF,PAGINA 2,FCFPROF3,Z,1,0.129,0.015,0.047,0.000,0.000
SER_235338AAA517296.PDF,PAGINA 2,FCFPROF4,Z,1,0.002,0.014,0.134,0.000,0.000
SER_235338AAA517296.PDF,PAGINA 2,DISTS,M,7.200,0.100,0.100,7.217,0.017,0.000
SER_235338AAA517296.PDF,PAGINA 3,DIST16,M,7.200,0.100,0.100,7.229,0.029,0.000
SER_235338AAA517296.PDF,PAGINA 3,FCFPROFZ,Z,1,0.000,-0.122,0.486,0.000,0.000
SER_235338AAA517296.PDF,PAGINA 3,FCFPROF8,Z,1,0.000,-0.037,0.106,0.000,0.000
SER_235338AAA517296.PDF,PAGINA 3,DIST8,M,1.000,0.100,0.100,1.005,0.005,0.000
SER_235338AAA517296.PDF,PAGINA 3,LOC19,R,3.000,0.150,0.150,2.942,-0.058,0.000
SER_235338AAA517296.PDF,PAGINA 3,LOC2O,R,3.000,0.150,0.150,2.974,-0.026,0.000
SER_235338AAA517296.PDF,PAGINA 4,LOC21,R,3.000,0.150,0.150,2.949,-0.051,0.000
SER_235338AAA517296.PDF,PAGINA 4,LOC22,R,3.000,0.150,0.150,2.971,-0.029,0.000
SER_235338AAA517296.PDF,PAGINA 4,LOC23,R,3.000,0.150,0.150,2.928,-0.072,0.000
SER_235338AAA517296.PDF,PAGINA 4,LOC24,R,3.000,0.150,0.150,2.966,-0.034,0.000
SER_235338AAA517296.PDF,PAGINA 4,DIST9,M,3.050,0.100,0.100,3.099,0.049,0.000
SER_235338AAA517296.PDF,PAGINA 4,DIST1O,M,6.850,0.100,0.100,6.833,-0.017,0.000
SER_235338AAA517296.PDF,PAGINA 4,DIST11,M,3.050,0.100,0.100,3.109,0.059,0.000
SER_235338AAA517296.PDF,PAGINA 4,DIST17,M,6.850,0.100,0.100,6.845,-0.005,0.000
SER_235338AAA517296.PDF,PAGINA 4,DIST18,M,1.610,0.100,0.100,1.642,0.032,0.000
SER_235338AAA517296.PDF,PAGINA 4,DIST19,M,1.100,0.100,0.100,1.077,-0.022,0.000
SER_235338AAA517296.PDF,PAGINA 4,DIST47,M,1.600,0.100,0.100,1.642,0.042,0.000
SER_235338AAA517296.PDF,PAGINA 4,DIST2O,M,2.050,0.150,0.150,2.108,0.058,0.000
SER_235338AAA517296.PDF,PAGINA 5,DIST21,M,1.600,0.100,0.100,1.630,0.030,0.000
SER_235338AAA517296.PDF,PAGINA 5,DIST21,M,1.610,0.100,0.100,1.630,0.020,0.000
SER_235338AAA517296.PDF,PAGINA 5,DIST38,M,1.100,0.100,0.100,1.070,-0.030,0.000
SER_235338AAA517296.PDF,PAGINA 5,DIST22,M,2.000,0.100,0.100,2.033,0.033,0.000
SER_235338AAA517296.PDF,PAGINA 5,DIST23,M,2.000,0.100,0.100,2.004,0.003,0.000
SER_235338AAA517296.PDF,PAGINA 5,DIST24,M,1.610,0.100,0.100,1.647,0.037,0.000
SER_235338AAA517296.PDF,PAGINA 5,DIST25,M,1.100,0.100,0.100,1.090,-0.010,0.000
SER_235338AAA517296.PDF,PAGINA 5,DIST41,M,1.100,0.100,0.100,1.081,-0.019,0.000
SER_235338AAA517296.PDF,PAGINA 5,DIST44,M,1.600,0.100,0.100,1.638,0.038,0.000
SER_235338AAA517296.PDF,PAGINA 6,DIST44,M,1.610,0.100,0.100,1.638,0.028,0.000
SER_235338AAA517296.PDF,PAGINA 6,DIST26,M,2.050,0.150,0.150,2.079,0.029,0.000
SER_235338AAA517296.PDF,PAGINA 6,DIST12,M,1.100,0.100,0.100,1.075,-0.025,0.000
SER_235338AAA517296.PDF,PAGINA 6,DIST15,M,6.800,0.100,0.100,6.840,0.040,0.000
SER_235338AAA517296.PDF,PAGINA 6,DIST31,M,6.800,0.100,0.100,6.827,-0.027,0.000
SER_235338AAA517296.PDF,PAGINA 6,DIST34,M,1.000,0.100,0.100,1.000,0.000,0.000
SER_235338AAA517296.PDF,PAGINA 6,DIST35,M,1.000,0.100,0.100,0.998,-0.002,0.000
SER_235338AAA517297.PDF,PAGINA 1,DIST1,M,4.000,0.100,0.100,4.065,0.065,0.000
SER_235338AAA517297.PDF,PAGINA 1,DIST2,M,1.000,0.100,0.100,1.031,0.031,0.000
SER_235338AAA517297.PDF,PAGINA 1,FCFPROF1,Z,1,3.103,1.147,0.196,0.000,0.000
SER_235338AAA517297.PDF,PAGINA 1,FCFPROF2,Z,1,-0.010,-0.028,0.123,0.000,0.000
SER_235338AAA517297.PDF,PAGINA 1,LOCZ,R,283.850,0.050,0.050,283.833,-0.017,0.000
SER_235338AAA517297.PDF,PAGINA 1,DIST3,M,1.000,0.100,0.100,1.029,0.029,0.000
SER_235338AAA517297.PDF,PAGINA 2,DIST4,M,4.000,0.100,0.100,4.069,0.069,0.000
SER_235338AAA517297.PDF,PAGINA 2,FCFPROF3,Z,1,0.014,-0.002,0.034,0.000,0.000
SER_235338AAA517297.PDF,PAGINA 2,FCFPROF4,Z,1,0.079,0.030,0.159,0.000,0.000
SER_235338AAA517297.PDF,PAGINA 2,DISTS,M,7.200,0.100,0.100,7.220,0.020,0.000
SER_235338AAA517297.PDF,PAGINA 3,DIST16,M,7.200,0.100,0.100,7.233,0.033,0.000
SER_235338AAA517297.PDF,PAGINA 3,FCFPROFZ,Z,1,0.000,-0.150,0.707,0.000,0.000
SER_235338AAA517297.PDF,PAGINA 3,FCFPROF8,Z,1,0.000,-0.045,0.184,0.000,0.000
SER_235338AAA517297.PDF,PAGINA 3,DIST8,M,1.000,0.100,0.100,1.010,0.010,0.000
SER_235338AAA517297.PDF,PAGINA 3,LOC19,R,3.000,0.150,0.150,2.936,-0.064,0.000
SER_235338AAA517297.PDF,PAGINA 3,LOC2O,R,3.000,0.150,0.150,2.968,-0.032,0.000
SER_235338AAA517297.PDF,PAGINA 4,LOC21,R,3.000,0.150,0.150,2.942,-0.058,0.000
SER_235338AAA517297.PDF,PAGINA 4,LOC22,R,3.000,0.150,0.150,2.966,-0.034,0.000
SER_235338AAA517297.PDF,PAGINA 4,LOC23,R,3.000,0.150,0.150,2.937,-0.063,0.000
SER_235338AAA517297.PDF,PAGINA 4,LOC24,R,3.000,0.150,0.150,2.976,-0.024,0.000
SER_235338AAA517297.PDF,PAGINA 4,DIST9,M,3.050,0.100,0.100,3.108,0.058,0.000
SER_235338AAA517297.PDF,PAGINA 4,DIST1O,M,6.850,0.100,0.100,6.838,-0.012,0.000
SER_235338AAA517297.PDF,PAGINA 4,DIST11,M,3.050,0.100,0.100,3.120,0.070,0.000
SER_235338AAA517297.PDF,PAGINA 4,DIST17,M,6.850,0.100,0.100,6.856,0.006,0.000
SER_235338AAA517297.PDF,PAGINA 4,DIST18,M,1.610,0.100,0.100,1.655,0.046,0.000
SER_235338AAA517297.PDF,PAGINA 4,DIST19,M,1.100,0.100,0.100,1.042,-0.058,0.000
SER_235338AAA517297.PDF,PAGINA 4,DIST47,M,1.600,0.100,0.100,1.655,0.055,0.000
SER_235338AAA517297.PDF,PAGINA 4,DIST2O,M,2.050,0.150,0.150,2.178,0.127,0.000
SER_235338AAA517297.PDF,PAGINA 5,DIST21,M,1.600,0.100,0.100,1.639,0.039,0.000
SER_235338AAA517297.PDF,PAGINA 5,DIST21,M,1.610,0.100,0.100,1.639,0.029,0.000
SER_235338AAA517297.PDF,PAGINA 5,DIST38,M,1.100,0.100,0.100,1.075,-0.025,0.000
SER_235338AAA517297.PDF,PAGINA 5,DIST22,M,2.000,0.100,0.100,2.070,0.070,0.000
SER_235338AAA517297.PDF,PAGINA 5,DIST23,M,2.000,0.100,0.100,1.993,-0.007,0.000
SER_235338AAA517297.PDF,PAGINA 5,DIST24,M,1.610,0.100,0.100,1.650,0.040,0.000
SER_235338AAA517297.PDF,PAGINA 5,DIST25,M,1.100,0.100,0.100,1.097,-0.004,0.000
SER_235338AAA517297.PDF,PAGINA 5,DIST41,M,1.100,0.100,0.100,1.089,-0.012,0.000
SER_235338AAA517297.PDF,PAGINA 5,DIST44,M,1.600,0.100,0.100,1.642,0.042,0.000
SER_235338AAA517297.PDF,PAGINA 6,DIST44,M,1.610,0.100,0.100,1.642,0.032,0.000
SER_235338AAA517297.PDF,PAGINA 6,DIST26,M,2.050,0.150,0.150,2.069,0.019,0.000
SER_235338AAA517297.PDF,PAGINA 6,DIST12,M,1.100,0.100,0.100,1.082,-0.018,0.000
SER_235338AAA517297.PDF,PAGINA 6,DIST15,M,6.800,0.100,0.100,6.844,0.044,0.000
SER_235338AAA517297.PDF,PAGINA 6,DIST31,M,6.800,0.100,0.100,6.845,-0.045,0.000
SER_235338AAA517297.PDF,PAGINA 6,DIST34,M,1.000,0.100,0.100,1.006,0.006,0.000
SER_235338AAA517297.PDF,PAGINA 6,DIST35,M,1.000,0.100,0.100,1.002,0.002,0.000
SER_235338AAA517298.PDF,PAGINA 1,DIST1,M,4.000,0.100,0.100,4.062,0.062,0.000
SER_235338AAA517298.PDF,PAGINA 1,DIST2,M,1.000,0.100,0.100,1.040,0.040,0.000
SER_235338AAA517298.PDF,PAGINA 1,FCFPROF1,Z,1,-0.132,0.040,0.434,0.000,0.000
SER_235338AAA517298.PDF,PAGINA 1,FCFPROF2,Z,1,-0.265,-0.096,0.060,0.000,0.000
SER_235338AAA517298.PDF,PAGINA 1,LOCZ,R,283.850,0.050,0.050,283.850,0.000,0.000
SER_235338AAA517298.PDF,PAGINA 1,DIST3,M,1.000,0.100,0.100,1.027,0.027,0.000
SER_235338AAA517298.PDF,PAGINA 2,DIST4,M,4.000,0.100,0.100,4.065,0.065,0.000
SER_235338AAA517298.PDF,PAGINA 2,FCFPROF3,Z,1,0.094,0.011,0.038,0.000,0.000
SER_235338AAA517298.PDF,PAGINA 2,FCFPROF4,Z,1,0.139,0.040,0.144,0.000,0.000
SER_235338AAA517298.PDF,PAGINA 2,DISTS,M,7.200,0.100,0.100,7.225,0.025,0.000
SER_235338AAA517298.PDF,PAGINA 3,DIST16,M,7.200,0.100,0.100,7.235,0.036,0.000
SER_235338AAA517298.PDF,PAGINA 3,FCFPROFZ,Z,1,0.000,-0.157,0.572,0.000,0.000
SER_235338AAA517298.PDF,PAGINA 3,FCFPROF8,Z,1,0.000,-0.052,0.129,0.000,0.000
SER_235338AAA517298.PDF,PAGINA 3,DIST8,M,1.000,0.100,0.100,1.012,0.012,0.000
SER_235338AAA517298.PDF,PAGINA 3,LOC19,R,3.000,0.150,0.150,2.946,-0.054,0.000
SER_235338AAA517298.PDF,PAGINA 3,LOC2O,R,3.000,0.150,0.150,2.954,-0.046,0.000
SER_235338AAA517298.PDF,PAGINA 4,LOC21,R,3.000,0.150,0.150,2.944,-0.056,0.000
SER_235338AAA517298.PDF,PAGINA 4,LOC22,R,3.000,0.150,0.150,2.958,-0.042,0.000
SER_235338AAA517298.PDF,PAGINA 4,LOC23,R,3.000,0.150,0.150,2.929,-0.071,0.000
SER_235338AAA517298.PDF,PAGINA 4,LOC24,R,3.000,0.150,0.150,2.951,-0.049,0.000
SER_235338AAA517298.PDF,PAGINA 4,DIST9,M,3.050,0.100,0.100,3.090,0.040,0.000
SER_235338AAA517298.PDF,PAGINA 4,DIST1O,M,6.850,0.100,0.100,6.818,-0.032,0.000
SER_235338AAA517298.PDF,PAGINA 4,DIST11,M,3.050,0.100,0.100,3.099,0.049,0.000
SER_235338AAA517298.PDF,PAGINA 4,DIST17,M,6.850,0.100,0.100,6.830,-0.020,0.000
SER_235338AAA517298.PDF,PAGINA 4,DIST18,M,1.610,0.100,0.100,1.642,0.033,0.000
SER_235338AAA517298.PDF,PAGINA 4,DIST19,M,1.100,0.100,0.100,1.061,-0.039,0.000
SER_235338AAA517298.PDF,PAGINA 4,DIST47,M,1.600,0.100,0.100,1.642,0.042,0.000
SER_235338AAA517298.PDF,PAGINA 4,DIST2O,M,2.050,0.150,0.150,2.193,0.142,0.000
SER_235338AAA517298.PDF,PAGINA 5,DIST21,M,1.600,0.100,0.100,1.623,0.023,0.000
SER_235338AAA517298.PDF,PAGINA 5,DIST21,M,1.610,0.100,0.100,1.623,0.013,0.000
SER_235338AAA517298.PDF,PAGINA 5,DIST38,M,1.100,0.100,0.100,1.068,-0.032,0.000
SER_235338AAA517298.PDF,PAGINA 5,DIST22,M,2.000,0.100,0.100,2.059,0.059,0.000
SER_235338AAA517298.PDF,PAGINA 5,DIST23,M,2.000,0.100,0.100,2.004,0.004,0.000
SER_235338AAA517298.PDF,PAGINA 5,DIST24,M,1.610,0.100,0.100,1.652,0.042,0.000
SER_235338AAA517298.PDF,PAGINA 5,DIST25,M,1.100,0.100,0.100,1.091,-0.009,0.000
SER_235338AAA517298.PDF,PAGINA 5,DIST41,M,1.100,0.100,0.100,1.084,-0.017,0.000
SER_235338AAA517298.PDF,PAGINA 5,DIST44,M,1.600,0.100,0.100,1.645,0.045,0.000
SER_235338AAA517298.PDF,PAGINA 6,DIST44,M,1.610,0.100,0.100,1.645,0.035,0.000
SER_235338AAA517298.PDF,PAGINA 6,DIST26,M,2.050,0.150,0.150,2.068,0.018,0.000
SER_235338AAA517298.PDF,PAGINA 6,DIST12,M,1.100,0.100,0.100,1.062,-0.038,0.000
SER_235338AAA517298.PDF,PAGINA 6,DIST15,M,6.800,0.100,0.100,6.836,0.036,0.000
SER_235338AAA517298.PDF,PAGINA 6,DIST31,M,6.800,0.100,0.100,6.802,-0.002,0.000
SER_235338AAA517298.PDF,PAGINA 6,DIST34,M,1.000,0.100,0.100,1.004,0.004,0.000
SER_235338AAA517298.PDF,PAGINA 6,DIST35,M,1.000,0.100,0.100,0.997,-0.003,0.000
SER_235338AAA517299.PDF,PAGINA 1,DIST1,M,4.000,0.100,0.100,4.067,0.067,0.000
SER_235338AAA517299.PDF,PAGINA 1,DIST2,M,1.000,0.100,0.100,1.028,0.028,0.000
SER_235338AAA517299.PDF,PAGINA 1,FCFPROF1,Z,1,2.082,0.816,0.377,0.000,0.000
SER_235338AAA517299.PDF,PAGINA 1,FCFPROF2,Z,1,0.015,-0.005,0.037,0.000,0.000
SER_235338AAA517299.PDF,PAGINA 1,LOCZ,R,283.850,0.050,0.050,283.854,0.004,0.000
SER_235338AAA517299.PDF,PAGINA 1,DIST3,M,1.000,0.100,0.100,1.036,0.036,0.000
SER_235338AAA517299.PDF,PAGINA 2,DIST4,M,4.000,0.100,0.100,4.073,0.073,0.000
SER_235338AAA517299.PDF,PAGINA 2,FCFPROF3,Z,1,0.096,0.012,0.021,0.000,0.000
SER_235338AAA517299.PDF,PAGINA 2,FCFPROF4,Z,1,0.208,0.058,0.182,0.000,0.000
SER_235338AAA517299.PDF,PAGINA 2,DISTS,M,7.200,0.100,0.100,7.230,0.030,0.000
SER_235338AAA517299.PDF,PAGINA 3,DIST16,M,7.200,0.100,0.100,7.239,0.040,0.000
SER_235338AAA517299.PDF,PAGINA 3,FCFPROFZ,Z,1,0.000,-0.194,0.747,0.000,0.000
SER_235338AAA517299.PDF,PAGINA 3,FCFPROF8,Z,1,0.000,-0.070,0.195,0.000,0.000
SER_235338AAA517299.PDF,PAGINA 3,DIST8,M,1.000,0.100,0.100,1.004,0.004,0.000
SER_235338AAA517299.PDF,PAGINA 3,LOC19,R,3.000,0.150,0.150,2.929,-0.071,0.000
SER_235338AAA517299.PDF,PAGINA 3,LOC2O,R,3.000,0.150,0.150,2.974,-0.026,0.000
SER_235338AAA517299.PDF,PAGINA 4,LOC21,R,3.000,0.150,0.150,2.947,-0.053,0.000
SER_235338AAA517299.PDF,PAGINA 4,LOC22,R,3.000,0.150,0.150,2.953,-0.047,0.000
SER_235338AAA517299.PDF,PAGINA 4,LOC23,R,3.000,0.150,0.150,2.944,-0.056,0.000
SER_235338AAA517299.PDF,PAGINA 4,LOC24,R,3.000,0.150,0.150,2.973,-0.027,0.000
SER_235338AAA517299.PDF,PAGINA 4,DIST9,M,3.050,0.100,0.100,3.090,0.040,0.000
SER_235338AAA517299.PDF,PAGINA 4,DIST1O,M,6.850,0.100,0.100,6.820,-0.030,0.000
SER_235338AAA517299.PDF,PAGINA 4,DIST11,M,3.050,0.100,0.100,3.105,0.055,0.000
SER_235338AAA517299.PDF,PAGINA 4,DIST17,M,6.850,0.100,0.100,6.839,-0.011,0.000
SER_235338AAA517299.PDF,PAGINA 4,DIST18,M,1.610,0.100,0.100,1.645,0.035,0.000
SER_235338AAA517299.PDF,PAGINA 4,DIST19,M,1.100,0.100,0.100,1.075,-0.024,0.000
SER_235338AAA517299.PDF,PAGINA 4,DIST47,M,1.600,0.100,0.100,1.645,0.045,0.000
SER_235338AAA517299.PDF,PAGINA 4,DIST2O,M,2.050,0.150,0.150,2.094,0.043,0.000
SER_235338AAA517299.PDF,PAGINA 5,DIST21,M,1.600,0.100,0.100,1.635,0.035,0.000
SER_235338AAA517299.PDF,PAGINA 5,DIST21,M,1.610,0.100,0.100,1.635,0.025,0.000
SER_235338AAA517299.PDF,PAGINA 5,DIST38,M,1.100,0.100,0.100,1.057,-0.043,0.000
SER_235338AAA517299.PDF,PAGINA 5,DIST22,M,2.000,0.100,0.100,2.054,0.054,0.000
SER_235338AAA517299.PDF,PAGINA 5,DIST23,M,2.000,0.100,0.100,1.998,-0.002,0.000
SER_235338AAA517299.PDF,PAGINA 5,DIST24,M,1.610,0.100,0.100,1.642,0.032,0.000
SER_235338AAA517299.PDF,PAGINA 5,DIST25,M,1.100,0.100,0.100,1.084,-0.016,0.000
SER_235338AAA517299.PDF,PAGINA 5,DIST41,M,1.100,0.100,0.100,1.076,-0.024,0.000
SER_235338AAA517299.PDF,PAGINA 5,DIST44,M,1.600,0.100,0.100,1.635,0.035,0.000
SER_235338AAA517299.PDF,PAGINA 6,DIST44,M,1.610,0.100,0.100,1.635,0.025,0.000
SER_235338AAA517299.PDF,PAGINA 6,DIST26,M,2.050,0.150,0.150,2.048,-0.002,0.000
SER_235338AAA517299.PDF,PAGINA 6,DIST12,M,1.100,0.100,0.100,1.068,-0.032,0.000
SER_235338AAA517299.PDF,PAGINA 6,DIST15,M,6.800,0.100,0.100,6.832,0.032,0.000
SER_235338AAA517299.PDF,PAGINA 6,DIST31,M,6.800,0.100,0.100,6.841,-0.041,0.000
SER_235338AAA517299.PDF,PAGINA 6,DIST34,M,1.000,0.100,0.100,1.002,0.002,0.000
SER_235338AAA517299.PDF,PAGINA 6,DIST35,M,1.000,0.100,0.100,0.991,-0.009,0.000
SER_235338AAA517300.PDF,PAGINA 1,DIST1,M,4.000,0.100,0.100,4.069,0.069,0.000
SER_235338AAA517300.PDF,PAGINA 1,DIST2,M,1.000,0.100,0.100,1.012,0.012,0.000
SER_235338AAA517300.PDF,PAGINA 1,FCFPROF1,Z,1,0.400,0.211,0.332,0.000,0.000
SER_235338AAA517300.PDF,PAGINA 1,FCFPROF2,Z,1,-0.117,-0.066,0.161,0.000,0.000
SER_235338AAA517300.PDF,PAGINA 1,LOCZ,R,283.850,0.050,0.050,283.837,-0.013,0.000
SER_235338AAA517300.PDF,PAGINA 1,DIST3,M,1.000,0.100,0.100,1.012,0.012,0.000
SER_235338AAA517300.PDF,PAGINA 2,DIST4,M,4.000,0.100,0.100,4.071,0.071,0.000
SER_235338AAA517300.PDF,PAGINA 2,FCFPROF3,Z,1,0.200,0.029,0.074,0.000,0.000
SER_235338AAA517300.PDF,PAGINA 2,FCFPROF4,Z,1,-0.030,0.008,0.127,0.000,0.000
SER_235338AAA517300.PDF,PAGINA 2,DISTS,M,7.200,0.100,0.100,7.233,0.033,0.000
SER_235338AAA517300.PDF,PAGINA 3,DIST16,M,7.200,0.100,0.100,7.243,0.043,0.000
SER_235338AAA517300.PDF,PAGINA 3,FCFPROFZ,Z,1,0.000,-0.117,0.510,0.000,0.000
SER_235338AAA517300.PDF,PAGINA 3,FCFPROF8,Z,1,-0.021,0.003,0.023,0.000,0.000
SER_235338AAA517300.PDF,PAGINA 3,DIST8,M,1.000,0.100,0.100,1.015,0.015,0.000
SER_235338AAA517300.PDF,PAGINA 3,LOC19,R,3.000,0.150,0.150,2.943,-0.057,0.000
SER_235338AAA517300.PDF,PAGINA 3,LOC2O,R,3.000,0.150,0.150,2.964,-0.036,0.000
SER_235338AAA517300.PDF,PAGINA 4,LOC21,R,3.000,0.150,0.150,2.950,-0.050,0.000
SER_235338AAA517300.PDF,PAGINA 4,LOC22,R,3.000,0.150,0.150,2.977,-0.023,0.000
SER_235338AAA517300.PDF,PAGINA 4,LOC23,R,3.000,0.150,0.150,2.941,-0.059,0.000
SER_235338AAA517300.PDF,PAGINA 4,LOC24,R,3.000,0.150,0.150,2.974,-0.026,0.000
SER_235338AAA517300.PDF,PAGINA 4,DIST9,M,3.050,0.100,0.100,3.106,0.056,0.000
SER_235338AAA517300.PDF,PAGINA 4,DIST1O,M,6.850,0.100,0.100,6.844,-0.006,0.000
SER_235338AAA517300.PDF,PAGINA 4,DIST11,M,3.050,0.100,0.100,3.099,0.049,0.000
SER_235338AAA517300.PDF,PAGINA 4,DIST17,M,6.850,0.100,0.100,6.834,-0.016,0.000
SER_235338AAA517300.PDF,PAGINA 4,DIST18,M,1.610,0.100,0.100,1.661,0.052,0.000
SER_235338AAA517300.PDF,PAGINA 4,DIST19,M,1.100,0.100,0.100,1.073,-0.026,0.000
SER_235338AAA517300.PDF,PAGINA 4,DIST47,M,1.600,0.100,0.100,1.661,0.061,0.000
SER_235338AAA517300.PDF,PAGINA 4,DIST2O,M,2.050,0.150,0.150,2.100,0.049,0.000
SER_235338AAA517300.PDF,PAGINA 5,DIST21,M,1.600,0.100,0.100,1.651,0.051,0.000
SER_235338AAA517300.PDF,PAGINA 5,DIST21,M,1.610,0.100,0.100,1.651,0.041,0.000
SER_235338AAA517300.PDF,PAGINA 5,DIST38,M,1.100,0.100,0.100,1.070,-0.030,0.000
SER_235338AAA517300.PDF,PAGINA 5,DIST22,M,2.000,0.100,0.100,1.357,-0.642,0.542
SER_235338AAA517300.PDF,PAGINA 5,DIST23,M,2.000,0.100,0.100,2.030,0.030,0.000
SER_235338AAA517300.PDF,PAGINA 5,DIST24,M,1.610,0.100,0.100,1.671,0.060,0.000
SER_235338AAA517300.PDF,PAGINA 5,DIST25,M,1.100,0.100,0.100,1.101,0.001,0.000
SER_235338AAA517300.PDF,PAGINA 5,DIST41,M,1.100,0.100,0.100,1.097,-0.003,0.000
SER_235338AAA517300.PDF,PAGINA 5,DIST44,M,1.600,0.100,0.100,1.667,0.067,0.000
SER_235338AAA517300.PDF,PAGINA 6,DIST44,M,1.610,0.100,0.100,1.667,0.057,0.000
SER_235338AAA517300.PDF,PAGINA 6,DIST26,M,2.050,0.150,0.150,2.089,0.039,0.000
SER_235338AAA517300.PDF,PAGINA 6,DIST12,M,1.100,0.100,0.100,1.075,-0.025,0.000
SER_235338AAA517300.PDF,PAGINA 6,DIST15,M,6.800,0.100,0.100,6.849,0.049,0.000
SER_235338AAA517300.PDF,PAGINA 6,DIST31,M,6.800,0.100,0.100,6.845,-0.045,0.000
SER_235338AAA517300.PDF,PAGINA 6,DIST34,M,1.000,0.100,0.100,1.007,0.007,0.000
SER_235338AAA517300.PDF,PAGINA 6,DIST35,M,1.000,0.100,0.100,0.997,-0.003,0.000
SER_235338AAA517301.PDF,PAGINA 1,DIST1,M,4.000,0.100,0.100,4.073,0.073,0.000
SER_235338AAA517301.PDF,PAGINA 1,DIST2,M,1.000,0.100,0.100,1.034,0.034,0.000
SER_235338AAA517301.PDF,PAGINA 1,FCFPROF1,Z,1,0.873,0.377,0.334,0.000,0.000
SER_235338AAA517301.PDF,PAGINA 1,FCFPROF2,Z,1,0.023,-0.035,0.171,0.000,0.000
SER_235338AAA517301.PDF,PAGINA 1,LOCZ,R,283.850,0.050,0.050,283.851,0.001,0.000
SER_235338AAA517301.PDF,PAGINA 1,DIST3,M,1.000,0.100,0.100,1.040,0.040,0.000
SER_235338AAA517301.PDF,PAGINA 2,DIST4,M,4.000,0.100,0.100,4.075,0.075,0.000
SER_235338AAA517301.PDF,PAGINA 2,FCFPROF3,Z,1,0.109,0.010,0.081,0.000,0.000
SER_235338AAA517301.PDF,PAGINA 2,FCFPROF4,Z,1,1.924,0.350,0.086,0.000,0.000
SER_235338AAA517301.PDF,PAGINA 2,DISTS,M,7.200,0.100,0.100,7.235,0.035,0.000
SER_235338AAA517301.PDF,PAGINA 3,DIST16,M,7.200,0.100,0.100,7.247,0.047,0.000
SER_235338AAA517301.PDF,PAGINA 3,FCFPROFZ,Z,1,0.000,-0.139,0.495,0.000,0.000
SER_235338AAA517301.PDF,PAGINA 3,FCFPROF8,Z,1,0.072,-0.047,0.063,0.000,0.000
SER_235338AAA517301.PDF,PAGINA 3,DIST8,M,1.000,0.100,0.100,1.004,0.004,0.000
SER_235338AAA517301.PDF,PAGINA 3,LOC19,R,3.000,0.150,0.150,2.946,-0.054,0.000
SER_235338AAA517301.PDF,PAGINA 3,LOC2O,R,3.000,0.150,0.150,2.964,-0.036,0.000
SER_235338AAA517301.PDF,PAGINA 4,LOC21,R,3.000,0.150,0.150,2.949,-0.051,0.000
SER_235338AAA517301.PDF,PAGINA 4,LOC22,R,3.000,0.150,0.150,2.967,-0.033,0.000
SER_235338AAA517301.PDF,PAGINA 4,LOC23,R,3.000,0.150,0.150,2.932,-0.068,0.000
SER_235338AAA517301.PDF,PAGINA 4,LOC24,R,3.000,0.150,0.150,2.962,-0.038,0.000
SER_235338AAA517301.PDF,PAGINA 4,DIST9,M,3.050,0.100,0.100,3.092,0.042,0.000
SER_235338AAA517301.PDF,PAGINA 4,DIST1O,M,6.850,0.100,0.100,6.825,-0.025,0.000
SER_235338AAA517301.PDF,PAGINA 4,DIST11,M,3.050,0.100,0.100,3.105,0.055,0.000
SER_235338AAA517301.PDF,PAGINA 4,DIST17,M,6.850,0.100,0.100,6.850,0.000,0.000
SER_235338AAA517301.PDF,PAGINA 4,DIST18,M,1.610,0.100,0.100,1.644,0.034,0.000
SER_235338AAA517301.PDF,PAGINA 4,DIST19,M,1.100,0.100,0.100,1.056,-0.044,0.000
SER_235338AAA517301.PDF,PAGINA 4,DIST47,M,1.600,0.100,0.100,1.644,0.044,0.000
SER_235338AAA517301.PDF,PAGINA 4,DIST2O,M,2.050,0.150,0.150,2.078,0.028,0.000
SER_235338AAA517301.PDF,PAGINA 5,DIST21,M,1.600,0.100,0.100,1.651,0.051,0.000
SER_235338AAA517301.PDF,PAGINA 5,DIST21,M,1.610,0.100,0.100,1.651,0.041,0.000
SER_235338AAA517301.PDF,PAGINA 5,DIST38,M,1.100,0.100,0.100,1.055,-0.045,0.000
SER_235338AAA517301.PDF,PAGINA 5,DIST22,M,2.000,0.100,0.100,1.353,-0.647,0.547
SER_235338AAA517301.PDF,PAGINA 5,DIST23,M,2.000,0.100,0.100,2.044,0.044,0.000
SER_235338AAA517301.PDF,PAGINA 5,DIST24,M,1.610,0.100,0.100,1.642,0.032,0.000
SER_235338AAA517301.PDF,PAGINA 5,DIST25,M,1.100,0.100,0.100,1.085,-0.015,0.000
SER_235338AAA517301.PDF,PAGINA 5,DIST41,M,1.100,0.100,0.100,1.077,-0.023,0.000
SER_235338AAA517301.PDF,PAGINA 5,DIST44,M,1.600,0.100,0.100,1.634,0.034,0.000
SER_235338AAA517301.PDF,PAGINA 6,DIST44,M,1.610,0.100,0.100,1.634,0.024,0.000
SER_235338AAA517301.PDF,PAGINA 6,DIST26,M,2.050,0.150,0.150,2.092,0.042,0.000
SER_235338AAA517301.PDF,PAGINA 6,DIST12,M,1.100,0.100,0.100,1.079,-0.021,0.000
SER_235338AAA517301.PDF,PAGINA 6,DIST15,M,6.800,0.100,0.100,6.834,0.034,0.000
SER_235338AAA517301.PDF,PAGINA 6,DIST31,M,6.800,0.100,0.100,6.862,-0.062,0.000
SER_235338AAA517301.PDF,PAGINA 6,DIST34,M,1.000,0.100,0.100,1.000,0.000,0.000
SER_235338AAA517301.PDF,PAGINA 6,DIST35,M,1.000,0.100,0.100,0.994,-0.006,0.000
SER_235338AAA517302.PDF,PAGINA 1,DIST1,M,4.000,0.100,0.100,4.037,0.037,0.000
SER_235338AAA517302.PDF,PAGINA 1,DIST2,M,1.000,0.100,0.100,1.015,0.015,0.000
SER_235338AAA517302.PDF,PAGINA 1,FCFPROF1,Z,1,0.549,0.233,0.197,0.000,0.000
SER_235338AAA517302.PDF,PAGINA 1,FCFPROF2,Z,1,-0.168,-0.067,0.057,0.000,0.000
SER_235338AAA517302.PDF,PAGINA 1,LOCZ,R,283.850,0.050,0.050,283.825,-0.025,0.000
SER_235338AAA517302.PDF,PAGINA 1,DIST3,M,1.000,0.100,0.100,1.011,0.011,0.000
SER_235338AAA517302.PDF,PAGINA 2,DIST4,M,4.000,0.100,0.100,4.038,0.038,0.000
SER_235338AAA517302.PDF,PAGINA 2,FCFPROF3,Z,1,0.043,0.004,0.020,0.000,0.000
SER_235338AAA517302.PDF,PAGINA 2,FCFPROF4,Z,1,0.035,0.015,0.090,0.000,0.000
SER_235338AAA517302.PDF,PAGINA 2,DISTS,M,7.200,0.100,0.100,7.240,0.040,0.000
SER_235338AAA517302.PDF,PAGINA 3,DIST16,M,7.200,0.100,0.100,7.250,0.050,0.000
SER_235338AAA517302.PDF,PAGINA 3,FCFPROFZ,Z,1,0.000,-0.137,0.706,0.000,0.000
SER_235338AAA517302.PDF,PAGINA 3,FCFPROF8,Z,1,0.244,-0.038,0.125,0.000,0.000
SER_235338AAA517302.PDF,PAGINA 3,DIST8,M,1.000,0.100,0.100,1.020,0.020,0.000
SER_235338AAA517302.PDF,PAGINA 3,LOC19,R,3.000,0.150,0.150,2.934,-0.066,0.000
SER_235338AAA517302.PDF,PAGINA 3,LOC2O,R,3.000,0.150,0.150,2.968,-0.032,0.000
SER_235338AAA517302.PDF,PAGINA 4,LOC21,R,3.000,0.150,0.150,2.939,-0.061,0.000
SER_235338AAA517302.PDF,PAGINA 4,LOC22,R,3.000,0.150,0.150,2.969,-0.031,0.000
SER_235338AAA517302.PDF,PAGINA 4,LOC23,R,3.000,0.150,0.150,2.929,-0.071,0.000
SER_235338AAA517302.PDF,PAGINA 4,LOC24,R,3.000,0.150,0.150,2.969,-0.031,0.000
SER_235338AAA517302.PDF,PAGINA 4,DIST9,M,3.050,0.100,0.100,3.103,0.053,0.000
SER_235338AAA517302.PDF,PAGINA 4,DIST1O,M,6.850,0.100,0.100,6.903,0.053,0.000
SER_235338AAA517302.PDF,PAGINA 4,DIST11,M,3.050,0.100,0.100,3.111,0.061,0.000
SER_235338AAA517302.PDF,PAGINA 4,DIST17,M,6.850,0.100,0.100,6.915,0.065,0.000
SER_235338AAA517302.PDF,PAGINA 4,DIST18,M,1.610,0.100,0.100,1.634,0.024,0.000
SER_235338AAA517302.PDF,PAGINA 4,DIST19,M,1.100,0.100,0.100,1.118,0.018,0.000
SER_235338AAA517302.PDF,PAGINA 4,DIST47,M,1.600,0.100,0.100,1.634,0.034,0.000
SER_235338AAA517302.PDF,PAGINA 4,DIST2O,M,2.050,0.150,0.150,2.063,0.012,0.000
SER_235338AAA517302.PDF,PAGINA 5,DIST21,M,1.600,0.100,0.100,1.685,0.085,0.000
SER_235338AAA517302.PDF,PAGINA 5,DIST21,M,1.610,0.100,0.100,1.685,0.075,0.000
SER_235338AAA517302.PDF,PAGINA 5,DIST38,M,1.100,0.100,0.100,1.118,0.018,0.000
SER_235338AAA517302.PDF,PAGINA 5,DIST22,M,2.000,0.100,0.100,2.013,0.013,0.000
SER_235338AAA517302.PDF,PAGINA 5,DIST23,M,2.000,0.100,0.100,1.977,-0.023,0.000
SER_235338AAA517302.PDF,PAGINA 5,DIST24,M,1.610,0.100,0.100,1.630,0.019,0.000
SER_235338AAA517302.PDF,PAGINA 5,DIST25,M,1.100,0.100,0.100,1.134,0.033,0.000
SER_235338AAA517302.PDF,PAGINA 5,DIST41,M,1.100,0.100,0.100,1.129,0.029,0.000
SER_235338AAA517302.PDF,PAGINA 5,DIST44,M,1.600,0.100,0.100,1.625,0.025,0.000
SER_235338AAA517302.PDF,PAGINA 6,DIST44,M,1.610,0.100,0.100,1.625,0.015,0.000
SER_235338AAA517302.PDF,PAGINA 6,DIST26,M,2.050,0.150,0.150,2.044,-0.006,0.000
SER_235338AAA517302.PDF,PAGINA 6,DIST12,M,1.100,0.100,0.100,1.154,0.054,0.000
SER_235338AAA517302.PDF,PAGINA 6,DIST15,M,6.800,0.100,0.100,6.855,0.055,0.000
SER_235338AAA517302.PDF,PAGINA 6,DIST31,M,6.800,0.100,0.100,6.898,-0.098,0.000
SER_235338AAA517302.PDF,PAGINA 6,DIST34,M,1.000,0.100,0.100,1.008,0.008,0.000
SER_235338AAA517302.PDF,PAGINA 6,DIST35,M,1.000,0.100,0.100,1.003,0.003,0.000
SER_235338AAA517303.PDF,PAGINA 1,DIST1,M,4.000,0.100,0.100,4.038,0.038,0.000
SER_235338AAA517303.PDF,PAGINA 1,DIST2,M,1.000,0.100,0.100,1.009,0.009,0.000
SER_235338AAA517303.PDF,PAGINA 1,FCFPROF1,Z,1,0.431,0.189,0.187,0.000,0.000
SER_235338AAA517303.PDF,PAGINA 1,FCFPROF2,Z,1,-0.693,-0.230,0.043,0.000,0.000
SER_235338AAA517303.PDF,PAGINA 1,LOCZ,R,283.850,0.050,0.050,283.833,-0.017,0.000
SER_235338AAA517303.PDF,PAGINA 1,DIST3,M,1.000,0.100,0.100,1.014,0.014,0.000
SER_235338AAA517303.PDF,PAGINA 2,DIST4,M,4.000,0.100,0.100,4.041,0.041,0.000
SER_235338AAA517303.PDF,PAGINA 2,FCFPROF3,Z,1,0.070,0.010,0.016,0.000,0.000
SER_235338AAA517303.PDF,PAGINA 2,FCFPROF4,Z,1,0.733,0.140,0.088,0.000,0.000
SER_235338AAA517303.PDF,PAGINA 2,DISTS,M,7.200,0.100,0.100,7.248,0.048,0.000
SER_235338AAA517303.PDF,PAGINA 3,DIST16,M,7.200,0.100,0.100,7.260,0.061,0.000
SER_235338AAA517303.PDF,PAGINA 3,FCFPROFZ,Z,1,0.000,-0.152,0.691,0.000,0.000
SER_235338AAA517303.PDF,PAGINA 3,FCFPROF8,Z,1,0.126,-0.007,0.045,0.000,0.000
SER_235338AAA517303.PDF,PAGINA 3,DIST8,M,1.000,0.100,0.100,1.019,0.019,0.000
SER_235338AAA517303.PDF,PAGINA 3,LOC19,R,3.000,0.150,0.150,2.951,-0.049,0.000
SER_235338AAA517303.PDF,PAGINA 3,LOC2O,R,3.000,0.150,0.150,2.972,-0.028,0.000
SER_235338AAA517303.PDF,PAGINA 4,LOC21,R,3.000,0.150,0.150,2.956,-0.044,0.000
SER_235338AAA517303.PDF,PAGINA 4,LOC22,R,3.000,0.150,0.150,2.973,-0.027,0.000
SER_235338AAA517303.PDF,PAGINA 4,LOC23,R,3.000,0.150,0.150,2.937,-0.063,0.000
SER_235338AAA517303.PDF,PAGINA 4,LOC24,R,3.000,0.150,0.150,2.984,-0.016,0.000
SER_235338AAA517303.PDF,PAGINA 4,DIST9,M,3.050,0.100,0.100,3.098,0.048,0.000
SER_235338AAA517303.PDF,PAGINA 4,DIST1O,M,6.850,0.100,0.100,6.869,0.019,0.000
SER_235338AAA517303.PDF,PAGINA 4,DIST11,M,3.050,0.100,0.100,3.100,0.050,0.000
SER_235338AAA517303.PDF,PAGINA 4,DIST17,M,6.850,0.100,0.100,6.881,0.031,0.000
SER_235338AAA517303.PDF,PAGINA 4,DIST18,M,1.610,0.100,0.100,1.632,0.023,0.000
SER_235338AAA517303.PDF,PAGINA 4,DIST19,M,1.100,0.100,0.100,1.099,0.000,0.000
SER_235338AAA517303.PDF,PAGINA 4,DIST47,M,1.600,0.100,0.100,1.632,0.032,0.000
SER_235338AAA517303.PDF,PAGINA 4,DIST2O,M,2.050,0.150,0.150,2.087,0.037,0.000
SER_235338AAA517303.PDF,PAGINA 5,DIST21,M,1.600,0.100,0.100,1.671,0.071,0.000
SER_235338AAA517303.PDF,PAGINA 5,DIST21,M,1.610,0.100,0.100,1.671,0.061,0.000
SER_235338AAA517303.PDF,PAGINA 5,DIST38,M,1.100,0.100,0.100,1.098,-0.002,0.000
SER_235338AAA517303.PDF,PAGINA 5,DIST22,M,2.000,0.100,0.100,2.018,0.019,0.000
SER_235338AAA517303.PDF,PAGINA 5,DIST23,M,2.000,0.100,0.100,1.996,-0.004,0.000
SER_235338AAA517303.PDF,PAGINA 5,DIST24,M,1.610,0.100,0.100,1.644,0.034,0.000
SER_235338AAA517303.PDF,PAGINA 5,DIST25,M,1.100,0.100,0.100,1.116,0.016,0.000
SER_235338AAA517303.PDF,PAGINA 5,DIST41,M,1.100,0.100,0.100,1.114,0.013,0.000
SER_235338AAA517303.PDF,PAGINA 5,DIST44,M,1.600,0.100,0.100,1.641,0.041,0.000
SER_235338AAA517303.PDF,PAGINA 6,DIST44,M,1.610,0.100,0.100,1.641,0.031,0.000
SER_235338AAA517303.PDF,PAGINA 6,DIST26,M,2.050,0.150,0.150,2.071,0.021,0.000
SER_235338AAA517303.PDF,PAGINA 6,DIST12,M,1.100,0.100,0.100,1.119,0.019,0.000
SER_235338AAA517303.PDF,PAGINA 6,DIST15,M,6.800,0.100,0.100,6.840,0.040,0.000
SER_235338AAA517303.PDF,PAGINA 6,DIST31,M,6.800,0.100,0.100,6.870,-0.070,0.000
SER_235338AAA517303.PDF,PAGINA 6,DIST34,M,1.000,0.100,0.100,1.011,0.011,0.000
SER_235338AAA517303.PDF,PAGINA 6,DIST35,M,1.000,0.100,0.100,1.004,0.004,0.000
SER_235338AAA517304.PDF,PAGINA 1,DIST1,M,4.000,0.100,0.100,4.040,0.040,0.000
SER_235338AAA517304.PDF,PAGINA 1,DIST2,M,1.000,0.100,0.100,1.010,0.010,0.000
SER_235338AAA517304.PDF,PAGINA 1,FCFPROF1,Z,1,0.133,0.099,0.241,0.000,0.000
SER_235338AAA517304.PDF,PAGINA 1,FCFPROF2,Z,1,0.154,0.040,0.083,0.000,0.000
SER_235338AAA517304.PDF,PAGINA 1,LOCZ,R,283.850,0.050,0.050,283.850,0.000,0.000
SER_235338AAA517304.PDF,PAGINA 1,DIST3,M,1.000,0.100,0.100,1.015,0.015,0.000
SER_235338AAA517304.PDF,PAGINA 2,DIST4,M,4.000,0.100,0.100,4.040,0.040,0.000
SER_235338AAA517304.PDF,PAGINA 2,FCFPROF3,Z,1,-0.71,-0.065,0.008,0.000,0.000
SER_235338AAA517304.PDF,PAGINA 2,FCFPROF4,Z,1,0.090,0.026,0.111,0.000,0.000
SER_235338AAA517304.PDF,PAGINA 2,DISTS,M,7.200,0.100,0.100,7.241,0.041,0.000
SER_235338AAA517304.PDF,PAGINA 3,DIST16,M,7.200,0.100,0.100,7.253,0.054,0.000
SER_235338AAA517304.PDF,PAGINA 3,FCFPROFZ,Z,1,0.000,-0.157,0.635,0.000,0.000
SER_235338AAA517304.PDF,PAGINA 3,FCFPROF8,Z,1,0.000,-0.036,0.076,0.000,0.000
SER_235338AAA517304.PDF,PAGINA 3,DIST8,M,1.000,0.100,0.100,1.011,0.011,0.000
SER_235338AAA517304.PDF,PAGINA 3,LOC19,R,3.000,0.150,0.150,2.932,-0.068,0.000
SER_235338AAA517304.PDF,PAGINA 3,LOC2O,R,3.000,0.150,0.150,2.964,-0.036,0.000
SER_235338AAA517304.PDF,PAGINA 4,LOC21,R,3.000,0.150,0.150,2.948,-0.052,0.000
SER_235338AAA517304.PDF,PAGINA 4,LOC22,R,3.000,0.150,0.150,2.972,-0.028,0.000
SER_235338AAA517304.PDF,PAGINA 4,LOC23,R,3.000,0.150,0.150,2.944,-0.056,0.000
SER_235338AAA517304.PDF,PAGINA 4,LOC24,R,3.000,0.150,0.150,2.968,-0.032,0.000
SER_235338AAA517304.PDF,PAGINA 4,DIST9,M,3.050,0.100,0.100,3.094,0.044,0.000
SER_235338AAA517304.PDF,PAGINA 4,DIST1O,M,6.850,0.100,0.100,6.867,0.017,0.000
SER_235338AAA517304.PDF,PAGINA 4,DIST11,M,3.050,0.100,0.100,3.093,0.043,0.000
SER_235338AAA517304.PDF,PAGINA 4,DIST17,M,6.850,0.100,0.100,6.871,0.021,0.000
SER_235338AAA517304.PDF,PAGINA 4,DIST18,M,1.610,0.100,0.100,1.627,0.017,0.000
SER_235338AAA517304.PDF,PAGINA 4,DIST19,M,1.100,0.100,0.100,1.110,0.010,0.000
SER_235338AAA517304.PDF,PAGINA 4,DIST47,M,1.600,0.100,0.100,1.627,0.027,0.000
SER_235338AAA517304.PDF,PAGINA 4,DIST2O,M,2.050,0.150,0.150,2.077,0.027,0.000
SER_235338AAA517304.PDF,PAGINA 5,DIST21,M,1.600,0.100,0.100,1.643,0.043,0.000
SER_235338AAA517304.PDF,PAGINA 5,DIST21,M,1.610,0.100,0.100,1.643,0.033,0.000
SER_235338AAA517304.PDF,PAGINA 5,DIST38,M,1.100,0.100,0.100,1.106,0.006,0.000
SER_235338AAA517304.PDF,PAGINA 5,DIST22,M,2.000,0.100,0.100,2.019,0.019,0.000
SER_235338AAA517304.PDF,PAGINA 5,DIST23,M,2.000,0.100,0.100,1.982,-0.018,0.000
SER_235338AAA517304.PDF,PAGINA 5,DIST24,M,1.610,0.100,0.100,1.631,0.021,0.000
SER_235338AAA517304.PDF,PAGINA 5,DIST25,M,1.100,0.100,0.100,1.129,0.029,0.000
SER_235338AAA517304.PDF,PAGINA 5,DIST41,M,1.100,0.100,0.100,1.125,0.024,0.000
SER_235338AAA517304.PDF,PAGINA 5,DIST44,M,1.600,0.100,0.100,1.627,0.027,0.000
SER_235338AAA517304.PDF,PAGINA 6,DIST44,M,1.610,0.100,0.100,1.627,0.017,0.000
SER_235338AAA517304.PDF,PAGINA 6,DIST26,M,2.050,0.150,0.150,2.039,-0.011,0.000
SER_235338AAA517304.PDF,PAGINA 6,DIST12,M,1.100,0.100,0.100,1.105,0.005,0.000
SER_235338AAA517304.PDF,PAGINA 6,DIST15,M,6.800,0.100,0.100,6.846,0.046,0.000
SER_235338AAA517304.PDF,PAGINA 6,DIST31,M,6.800,0.100,0.100,6.849,-0.049,0.000
SER_235338AAA517304.PDF,PAGINA 6,DIST34,M,1.000,0.100,0.100,0.999,-0.001,0.000
SER_235338AAA517304.PDF,PAGINA 6,DIST35,M,1.000,0.100,0.100,0.995,-0.005,0.000
SER_235338AAA517305.PDF,PAGINA 1,DIST1,M,4.000,0.100,0.100,4.040,0.040,0.000
SER_235338AAA517305.PDF,PAGINA 1,DIST2,M,1.000,0.100,0.100,1.006,0.006,0.000
SER_235338AAA517305.PDF,PAGINA 1,FCFPROF1,Z,1,0.205,0.115,0.211,0.000,0.000
SER_235338AAA517305.PDF,PAGINA 1,FCFPROF2,Z,1,-0.123,-0.064,0.089,0.000,0.000
SER_235338AAA517305.PDF,PAGINA 1,LOCZ,R,283.850,0.050,0.050,283.840,-0.010,0.000
SER_235338AAA517305.PDF,PAGINA 1,DIST3,M,1.000,0.100,0.100,1.008,0.008,0.000
SER_235338AAA517305.PDF,PAGINA 2,DIST4,M,4.000,0.100,0.100,4.045,0.045,0.000
SER_235338AAA517305.PDF,PAGINA 2,FCFPROF3,Z,1,-0.066,-0.015,0.026,0.000,0.000
SER_235338AAA517305.PDF,PAGINA 2,FCFPROF4,Z,1,0.028,0.014,0.099,0.000,0.000
SER_235338AAA517305.PDF,PAGINA 2,DISTS,M,7.200,0.100,0.100,7.247,0.047,0.000
SER_235338AAA517305.PDF,PAGINA 3,DIST16,M,7.200,0.100,0.100,7.256,0.057,0.000
SER_235338AAA517305.PDF,PAGINA 3,FCFPROFZ,Z,1,0.000,-0.171,0.679,0.000,0.000
SER_235338AAA517305.PDF,PAGINA 3,FCFPROF8,Z,1,1.538,-0.127,0.051,0.000,0.000
SER_235338AAA517305.PDF,PAGINA 3,DIST8,M,1.000,0.100,0.100,1.011,0.011,0.000
SER_235338AAA517305.PDF,PAGINA 3,LOC16,X,-1.000,0.100,0.100,-1.101,-0.101,0.001
SER_235338AAA517305.PDF,PAGINA 3,LOC19,R,3.000,0.150,0.150,2.937,-0.063,0.000
SER_235338AAA517305.PDF,PAGINA 3,LOC2O,R,3.000,0.150,0.150,2.973,-0.027,0.000
SER_235338AAA517305.PDF,PAGINA 4,LOC21,R,3.000,0.150,0.150,2.944,-0.056,0.000
SER_235338AAA517305.PDF,PAGINA 4,LOC22,R,3.000,0.150,0.150,2.959,-0.041,0.000
SER_235338AAA517305.PDF,PAGINA 4,LOC23,R,3.000,0.150,0.150,2.927,-0.073,0.000
SER_235338AAA517305.PDF,PAGINA 4,LOC24,R,3.000,0.150,0.150,2.978,-0.022,0.000
SER_235338AAA517305.PDF,PAGINA 4,DIST9,M,3.050,0.100,0.100,3.084,0.034,0.000
SER_235338AAA517305.PDF,PAGINA 4,DIST1O,M,6.850,0.100,0.100,6.859,0.009,0.000
SER_235338AAA517305.PDF,PAGINA 4,DIST11,M,3.050,0.100,0.100,3.116,0.066,0.000
SER_235338AAA517305.PDF,PAGINA 4,DIST17,M,6.850,0.100,0.100,6.898,0.048,0.000
SER_235338AAA517305.PDF,PAGINA 4,DIST18,M,1.610,0.100,0.100,1.627,0.017,0.000
SER_235338AAA517305.PDF,PAGINA 4,DIST19,M,1.100,0.100,0.100,1.103,0.004,0.000
SER_235338AAA517305.PDF,PAGINA 4,DIST47,M,1.600,0.100,0.100,1.627,0.027,0.000
SER_235338AAA517305.PDF,PAGINA 4,DIST2O,M,2.050,0.150,0.150,2.080,0.029,0.000
SER_235338AAA517305.PDF,PAGINA 5,DIST21,M,1.600,0.100,0.100,1.658,0.058,0.000
SER_235338AAA517305.PDF,PAGINA 5,DIST21,M,1.610,0.100,0.100,1.658,0.048,0.000
SER_235338AAA517305.PDF,PAGINA 5,DIST38,M,1.100,0.100,0.100,1.102,0.002,0.000
SER_235338AAA517305.PDF,PAGINA 5,DIST22,M,2.000,0.100,0.100,2.016,0.016,0.000
SER_235338AAA517305.PDF,PAGINA 5,DIST23,M,2.000,0.100,0.100,1.982,-0.018,0.000
SER_235338AAA517305.PDF,PAGINA 5,DIST24,M,1.610,0.100,0.100,1.625,0.014,0.000
SER_235338AAA517305.PDF,PAGINA 5,DIST25,M,1.100,0.100,0.100,1.123,0.023,0.000
SER_235338AAA517305.PDF,PAGINA 5,DIST41,M,1.100,0.100,0.100,1.117,0.017,0.000
SER_235338AAA517305.PDF,PAGINA 5,DIST44,M,1.600,0.100,0.100,1.619,0.019,0.000
SER_235338AAA517305.PDF,PAGINA 6,DIST44,M,1.610,0.100,0.100,1.619,0.009,0.000
SER_235338AAA517305.PDF,PAGINA 6,DIST26,M,2.050,0.150,0.150,2.049,-0.001,0.000
SER_235338AAA517305.PDF,PAGINA 6,DIST12,M,1.100,0.100,0.100,1.111,0.011,0.000
SER_235338AAA517305.PDF,PAGINA 6,DIST15,M,6.800,0.100,0.100,6.853,0.053,0.000
SER_235338AAA517305.PDF,PAGINA 6,DIST31,M,6.800,0.100,0.100,6.868,-0.068,0.000
SER_235338AAA517305.PDF,PAGINA 6,DIST34,M,1.000,0.100,0.100,0.995,-0.005,0.000
SER_235338AAA517305.PDF,PAGINA 6,DIST35,M,1.000,0.100,0.100,0.991,-0.009,0.000
SER_235338AAA517306.PDF,PAGINA 1,DIST1,M,4.000,0.100,0.100,4.047,0.047,0.000
SER_235338AAA517306.PDF,PAGINA 1,DIST2,M,1.000,0.100,0.100,1.012,0.012,0.000
SER_235338AAA517306.PDF,PAGINA 1,FCFPROF1,Z,1,2.456,0.916,0.148,0.000,0.000
SER_235338AAA517306.PDF,PAGINA 1,FCFPROF2,Z,1,0.146,0.037,0.085,0.000,0.000
SER_235338AAA517306.PDF,PAGINA 1,LOCZ,R,283.850,0.050,0.050,283.840,-0.010,0.000
SER_235338AAA517306.PDF,PAGINA 1,DIST3,M,1.000,0.100,0.100,1.023,0.023,0.000
SER_235338AAA517306.PDF,PAGINA 2,DIST4,M,4.000,0.100,0.100,4.048,0.048,0.000
SER_235338AAA517306.PDF,PAGINA 2,FCFPROF3,Z,1,0.063,0.007,0.024,0.000,0.000
SER_235338AAA517306.PDF,PAGINA 2,FCFPROF4,Z,1,0.531,0.105,0.102,0.000,0.000
SER_235338AAA517306.PDF,PAGINA 2,DISTS,M,7.200,0.100,0.100,7.256,0.056,0.000
SER_235338AAA517306.PDF,PAGINA 3,DIST16,M,7.200,0.100,0.100,7.268,0.069,0.000
SER_235338AAA517306.PDF,PAGINA 3,FCFPROFZ,Z,1,0.000,-0.172,0.698,0.000,0.000
SER_235338AAA517306.PDF,PAGINA 3,FCFPROF8,Z,1,0.012,0.007,0.121,0.000,0.000
SER_235338AAA517306.PDF,PAGINA 3,DIST8,M,1.000,0.100,0.100,1.021,0.021,0.000
SER_235338AAA517306.PDF,PAGINA 3,LOC19,R,3.000,0.150,0.150,2.936,-0.064,0.000
SER_235338AAA517306.PDF,PAGINA 3,LOC2O,R,3.000,0.150,0.150,2.970,-0.030,0.000
SER_235338AAA517306.PDF,PAGINA 4,LOC21,R,3.000,0.150,0.150,2.927,-0.073,0.000
SER_235338AAA517306.PDF,PAGINA 4,LOC22,R,3.000,0.150,0.150,2.945,-0.055,0.000
SER_235338AAA517306.PDF,PAGINA 4,LOC23,R,3.000,0.150,0.150,2.927,-0.073,0.000
SER_235338AAA517306.PDF,PAGINA 4,LOC24,R,3.000,0.150,0.150,2.979,-0.021,0.000
SER_235338AAA517306.PDF,PAGINA 4,DIST9,M,3.050,0.100,0.100,3.096,0.046,0.000
SER_235338AAA517306.PDF,PAGINA 4,DIST1O,M,6.850,0.100,0.100,6.852,0.002,0.000
SER_235338AAA517306.PDF,PAGINA 4,DIST11,M,3.050,0.100,0.100,3.104,0.054,0.000
SER_235338AAA517306.PDF,PAGINA 4,DIST17,M,6.850,0.100,0.100,6.866,0.016,0.000
SER_235338AAA517306.PDF,PAGINA 4,DIST18,M,1.610,0.100,0.100,1.640,0.031,0.000
SER_235338AAA517306.PDF,PAGINA 4,DIST19,M,1.100,0.100,0.100,1.092,-0.008,0.000
SER_235338AAA517306.PDF,PAGINA 4,DIST47,M,1.600,0.100,0.100,1.640,0.040,0.000
SER_235338AAA517306.PDF,PAGINA 4,DIST2O,M,2.050,0.150,0.150,2.086,0.036,0.000
SER_235338AAA517306.PDF,PAGINA 5,DIST21,M,1.600,0.100,0.100,1.649,0.049,0.000
SER_235338AAA517306.PDF,PAGINA 5,DIST21,M,1.610,0.100,0.100,1.649,0.039,0.000
SER_235338AAA517306.PDF,PAGINA 5,DIST38,M,1.100,0.100,0.100,1.100,0.000,0.000
SER_235338AAA517306.PDF,PAGINA 5,DIST22,M,2.000,0.100,0.100,2.024,0.024,0.000
SER_235338AAA517306.PDF,PAGINA 5,DIST23,M,2.000,0.100,0.100,1.991,-0.009,0.000
SER_235338AAA517306.PDF,PAGINA 5,DIST24,M,1.610,0.100,0.100,1.643,0.033,0.000
SER_235338AAA517306.PDF,PAGINA 5,DIST25,M,1.100,0.100,0.100,1.123,0.023,0.000
SER_235338AAA517306.PDF,PAGINA 5,DIST41,M,1.100,0.100,0.100,1.116,0.016,0.000
SER_235338AAA517306.PDF,PAGINA 5,DIST44,M,1.600,0.100,0.100,1.636,0.036,0.000
SER_235338AAA517306.PDF,PAGINA 6,DIST44,M,1.610,0.100,0.100,1.636,0.026,0.000
SER_235338AAA517306.PDF,PAGINA 6,DIST26,M,2.050,0.150,0.150,2.060,0.010,0.000
SER_235338AAA517306.PDF,PAGINA 6,DIST12,M,1.100,0.100,0.100,1.091,-0.009,0.000
SER_235338AAA517306.PDF,PAGINA 6,DIST15,M,6.800,0.100,0.100,6.864,0.064,0.000
SER_235338AAA517306.PDF,PAGINA 6,DIST31,M,6.800,0.100,0.100,6.854,-0.054,0.000
SER_235338AAA517306.PDF,PAGINA 6,DIST34,M,1.000,0.100,0.100,1.013,0.013,0.000
SER_235338AAA517306.PDF,PAGINA 6,DIST35,M,1.000,0.100,0.100,1.007,0.007,0.000
SER_235338AAA517307.PDF,PAGINA 1,DIST1,M,4.000,0.100,0.100,4.049,0.049,0.000
SER_235338AAA517307.PDF,PAGINA 1,DIST2,M,1.000,0.100,0.100,1.015,0.015,0.000
SER_235338AAA517307.PDF,PAGINA 1,FCFPROF1,Z,1,0.948,0.375,0.190,0.000,0.000
SER_235338AAA517307.PDF,PAGINA 1,FCFPROF2,Z,1,-0.131,-0.068,0.116,0.000,0.000
SER_235338AAA517307.PDF,PAGINA 1,LOCZ,R,283.850,0.050,0.050,283.830,-0.020,0.000
SER_235338AAA517307.PDF,PAGINA 1,DIST3,M,1.000,0.100,0.100,1.013,0.013,0.000
SER_235338AAA517307.PDF,PAGINA 2,DIST4,M,4.000,0.100,0.100,4.053,0.053,0.000
SER_235338AAA517307.PDF,PAGINA 2,FCFPROF3,Z,1,0.075,0.008,0.039,0.000,0.000
SER_235338AAA517307.PDF,PAGINA 2,FCFPROF4,Z,1,-0.018,0.007,0.112,0.000,0.000
SER_235338AAA517307.PDF,PAGINA 2,DISTS,M,7.200,0.100,0.100,7.195,-0.005,0.000
SER_235338AAA517307.PDF,PAGINA 3,DIST16,M,7.200,0.100,0.100,7.210,0.010,0.000
SER_235338AAA517307.PDF,PAGINA 3,FCFPROFZ,Z,1,0.000,-0.085,0.420,0.000,0.000
SER_235338AAA517307.PDF,PAGINA 3,FCFPROF8,Z,1,0.000,-0.042,0.182,0.000,0.000
SER_235338AAA517307.PDF,PAGINA 3,DIST8,M,1.000,0.100,0.100,1.000,0.000,0.000
SER_235338AAA517307.PDF,PAGINA 3,LOC19,R,3.000,0.150,0.150,2.946,-0.054,0.000
SER_235338AAA517307.PDF,PAGINA 3,LOC2O,R,3.000,0.150,0.150,2.959,-0.041,0.000
SER_235338AAA517307.PDF,PAGINA 4,LOC21,R,3.000,0.150,0.150,2.967,-0.033,0.000
SER_235338AAA517307.PDF,PAGINA 4,LOC22,R,3.000,0.150,0.150,2.958,-0.042,0.000
SER_235338AAA517307.PDF,PAGINA 4,LOC23,R,3.000,0.150,0.150,2.941,-0.059,0.000
SER_235338AAA517307.PDF,PAGINA 4,LOC24,R,3.000,0.150,0.150,2.977,-0.023,0.000
SER_235338AAA517307.PDF,PAGINA 4,DIST9,M,3.050,0.100,0.100,3.104,0.054,0.000
SER_235338AAA517307.PDF,PAGINA 4,DIST1O,M,6.850,0.100,0.100,6.857,0.007,0.000
SER_235338AAA517307.PDF,PAGINA 4,DIST11,M,3.050,0.100,0.100,3.111,0.061,0.000
SER_235338AAA517307.PDF,PAGINA 4,DIST17,M,6.850,0.100,0.100,6.866,0.016,0.000
SER_235338AAA517307.PDF,PAGINA 4,DIST18,M,1.610,0.100,0.100,1.650,0.040,0.000
SER_235338AAA517307.PDF,PAGINA 4,DIST19,M,1.100,0.100,0.100,1.079,-0.020,0.000
SER_235338AAA517307.PDF,PAGINA 4,DIST47,M,1.600,0.100,0.100,1.650,0.050,0.000
SER_235338AAA517307.PDF,PAGINA 4,DIST2O,M,2.050,0.150,0.150,2.094,0.044,0.000
SER_235338AAA517307.PDF,PAGINA 5,DIST21,M,1.600,0.100,0.100,1.637,0.037,0.000
SER_235338AAA517307.PDF,PAGINA 5,DIST21,M,1.610,0.100,0.100,1.637,0.027,0.000
SER_235338AAA517307.PDF,PAGINA 5,DIST38,M,1.100,0.100,0.100,1.101,0.001,0.000
SER_235338AAA517307.PDF,PAGINA 5,DIST22,M,2.000,0.100,0.100,2.021,0.021,0.000
SER_235338AAA517307.PDF,PAGINA 5,DIST23,M,2.000,0.100,0.100,1.981,-0.019,0.000
SER_235338AAA517307.PDF,PAGINA 5,DIST24,M,1.610,0.100,0.100,1.650,0.039,0.000
SER_235338AAA517307.PDF,PAGINA 5,DIST25,M,1.100,0.100,0.100,1.119,0.019,0.000
SER_235338AAA517307.PDF,PAGINA 5,DIST41,M,1.100,0.100,0.100,1.113,0.012,0.000
SER_235338AAA517307.PDF,PAGINA 5,DIST44,M,1.600,0.100,0.100,1.643,0.043,0.000
SER_235338AAA517307.PDF,PAGINA 6,DIST44,M,1.610,0.100,0.100,1.643,0.033,0.000
SER_235338AAA517307.PDF,PAGINA 6,DIST26,M,2.050,0.150,0.150,2.057,0.007,0.000
SER_235338AAA517307.PDF,PAGINA 6,DIST12,M,1.100,0.100,0.100,1.102,0.002,0.000
SER_235338AAA517307.PDF,PAGINA 6,DIST15,M,6.800,0.100,0.100,6.834,0.034,0.000
SER_235338AAA517307.PDF,PAGINA 6,DIST31,M,6.800,0.100,0.100,6.830,-0.030,0.000
SER_235338AAA517307.PDF,PAGINA 6,DIST34,M,1.000,0.100,0.100,1.000,0.000,0.000
SER_235338AAA517307.PDF,PAGINA 6,DIST35,M,1.000,0.100,0.100,0.996,-0.004,0.000
